Country Name,Country Code,Indicator Name,Indicator Code,,2005,2006,2007,2008,2009,2010,2011,2012,2013,2014,2015,2016,,,,,,,,,,,,,,,,,,,,,,,,,,,,,,,,,2005,2006,2007,2008,2009,2010,2011,2012,2013,2014,2015,2016
Aruba,ABW,CO2 emissions (kt),EN.ATM.CO2E.KT,,2720.914,2717.247,2823.59,2658.575,2629.239,2508.228,2500.894,1349.456,861.745,872.746,898.415,883.747,,,,,,,,,,,,,,,,,,,,,,,,,,,,,,,,,2720.914,2717.247,2823.59,2658.575,2629.239,2508.228,2500.894,1349.456,861.745,872.746,898.415,883.747
Afghanistan,AFG,CO2 emissions (kt),EN.ATM.CO2E.KT,,1327.454,1650.15,2273.54,4206.049,6769.282,8463.436,12240.446,10755.311,9050.156,8467.103,9035.488,8672.455,,,,,,,,,,,,,,,,,,,,,,,,,,,,,,,,,1327.454,1650.15,2273.54,4206.049,6769.282,8463.436,12240.446,10755.311,9050.156,8467.103,9035.488,8672.455
Angola,AGO,CO2 emissions (kt),EN.ATM.CO2E.KT,,19156.408,22266.024,25151.953,25709.337,27792.193,29057.308,30586.447,34176.44,33692.396,44851.077,34583.477,34693.487,,,,,,,,,,,,,,,,,,,,,,,,,,,,,,,,,19156.408,22266.024,25151.953,25709.337,27792.193,29057.308,30586.447,34176.44,33692.396,44851.077,34583.477,34693.487
Albania,ALB,CO2 emissions (kt),EN.ATM.CO2E.KT,,4253.72,3898.021,3927.357,4374.731,4378.398,4598.418,5240.143,4924.781,4913.78,5489.499,4616.753,4536.079,,,,,,,,,,,,,,,,,,,,,,,,,,,,,,,,,4253.72,3898.021,3927.357,4374.731,4378.398,4598.418,5240.143,4924.781,4913.78,5489.499,4616.753,4536.079
Andorra,AND,CO2 emissions (kt),EN.ATM.CO2E.KT,,575.719,546.383,539.049,539.049,517.047,517.047,491.378,487.711,476.71,462.042,465.709,469.376,,,,,,,,,,,,,,,,,,,,,,,,,,,,,,,,,575.719,546.383,539.049,539.049,517.047,517.047,491.378,487.711,476.71,462.042,465.709,469.376
Arab World,ARB,CO2 emissions (kt),EN.ATM.CO2E.KT,,1318939.226,1382459,1360284.651,1491783.271,1581643.106,1643369.717,1660509.275,1841219.035,1823115.056,1932296.314,1953773.933,1904104.418,,,,,,,,,,,,,,,,,,,,,,,,,,,,,,,,,1318939.226,1382459,1360284.651,1491783.271,1581643.106,1643369.717,1660509.275,1841219.035,1823115.056,1932296.314,1953773.933,1904104.418
United Arab Emirates,ARE,CO2 emissions (kt),EN.ATM.CO2E.KT,,116071.551,123728.247,135554.322,157167.62,168274.963,158623.419,171626.601,219792.646,220713.063,226143.89,194765.371,206323.755,,,,,,,,,,,,,,,,,,,,,,,,,,,,,,,,,116071.551,123728.247,135554.322,157167.62,168274.963,158623.419,171626.601,219792.646,220713.063,226143.89,194765.371,206323.755
Argentina,ARG,CO2 emissions (kt),EN.ATM.CO2E.KT,,162110.736,175436.614,175176.257,189107.19,179961.692,187904.414,191622.752,193027.213,193701.941,195777.463,201167.953,201347.636,,,,,,,,,,,,,,,,,,,,,,,,,,,,,,,,,162110.736,175436.614,175176.257,189107.19,179961.692,187904.414,191622.752,193027.213,193701.941,195777.463,201167.953,201347.636
Armenia,ARM,CO2 emissions (kt),EN.ATM.CO2E.KT,,4349.062,4378.398,5056.793,5551.838,4360.063,4209.716,4917.447,5694.851,5496.833,5529.836,4803.77,5155.802,,,,,,,,,,,,,,,,,,,,,,,,,,,,,,,,,4349.062,4378.398,5056.793,5551.838,4360.063,4209.716,4917.447,5694.851,5496.833,5529.836,4803.77,5155.802
Antigua and Barbuda,ATG,CO2 emissions (kt),EN.ATM.CO2E.KT,,429.039,443.707,469.376,480.377,509.713,524.381,513.38,524.381,524.381,528.048,546.383,557.384,,,,,,,,,,,,,,,,,,,,,,,,,,,,,,,,,429.039,443.707,469.376,480.377,509.713,524.381,513.38,524.381,524.381,528.048,546.383,557.384
Australia,AUS,CO2 emissions (kt),EN.ATM.CO2E.KT,,350172.831,365346.877,372090.49,385904.079,394792.887,390861.863,391818.95,388126.281,372317.844,361316.844,365332.209,375907.837,,,,,,,,,,,,,,,,,,,,,,,,,,,,,,,,,350172.831,365346.877,372090.49,385904.079,394792.887,390861.863,391818.95,388126.281,372317.844,361316.844,365332.209,375907.837
Austria,AUT,CO2 emissions (kt),EN.ATM.CO2E.KT,,73816.71,71818.195,69419.977,68811.255,62793.708,67564.475,65063.581,62324.332,62529.684,58903.021,61264.569,61447.919,,,,,,,,,,,,,,,,,,,,,,,,,,,,,,,,,73816.71,71818.195,69419.977,68811.255,62793.708,67564.475,65063.581,62324.332,62529.684,58903.021,61264.569,61447.919
Azerbaijan,AZE,CO2 emissions (kt),EN.ATM.CO2E.KT,,34337.788,39167.227,30509.44,35503.894,31902.9,30678.122,33248.689,35397.551,35496.56,37385.065,37597.751,37619.753,,,,,,,,,,,,,,,,,,,,,,,,,,,,,,,,,34337.788,39167.227,30509.44,35503.894,31902.9,30678.122,33248.689,35397.551,35496.56,37385.065,37597.751,37619.753
Burundi,BDI,CO2 emissions (kt),EN.ATM.CO2E.KT,,154.014,187.017,187.017,190.684,190.684,308.028,425.372,388.702,410.704,385.035,403.37,495.045,,,,,,,,,,,,,,,,,,,,,,,,,,,,,,,,,154.014,187.017,187.017,190.684,190.684,308.028,425.372,388.702,410.704,385.035,403.37,495.045
Belgium,BEL,CO2 emissions (kt),EN.ATM.CO2E.KT,,108543.2,107204.745,103658.756,104447.161,99306.027,110259.356,99969.754,95132.981,97501.863,93563.505,99346.364,96889.474,,,,,,,,,,,,,,,,,,,,,,,,,,,,,,,,,108543.2,107204.745,103658.756,104447.161,99306.027,110259.356,99969.754,95132.981,97501.863,93563.505,99346.364,96889.474
Benin,BEN,CO2 emissions (kt),EN.ATM.CO2E.KT,,2394.551,3872.352,4495.742,4411.401,4660.757,5089.796,5060.46,4803.77,5042.125,5375.822,6065.218,6475.922,,,,,,,,,,,,,,,,,,,,,,,,,,,,,,,,,2394.551,3872.352,4495.742,4411.401,4660.757,5089.796,5060.46,4803.77,5042.125,5375.822,6065.218,6475.922
Burkina Faso,BFA,CO2 emissions (kt),EN.ATM.CO2E.KT,,1125.769,1360.457,1595.145,1789.496,1895.839,2104.858,2200.2,2698.912,2929.933,2959.269,3329.636,3417.644,,,,,,,,,,,,,,,,,,,,,,,,,,,,,,,,,1125.769,1360.457,1595.145,1789.496,1895.839,2104.858,2200.2,2698.912,2929.933,2959.269,3329.636,3417.644
Bangladesh,BGD,CO2 emissions (kt),EN.ATM.CO2E.KT,,39500.924,43567.627,44539.382,49625.511,54473.285,60223.141,63233.748,67670.818,69456.647,73758.038,81073.703,84245.658,,,,,,,,,,,,,,,,,,,,,,,,,,,,,,,,,39500.924,43567.627,44539.382,49625.511,54473.285,60223.141,63233.748,67670.818,69456.647,73758.038,81073.703,84245.658
Bulgaria,BGR,CO2 emissions (kt),EN.ATM.CO2E.KT,,47916.689,48991.12,52254.75,50740.279,42665.545,44114.01,49354.153,44862.078,39599.933,42328.181,44737.4,41708.458,,,,,,,,,,,,,,,,,,,,,,,,,,,,,,,,,47916.689,48991.12,52254.75,50740.279,42665.545,44114.01,49354.153,44862.078,39599.933,42328.181,44737.4,41708.458
Bahrain,BHR,CO2 emissions (kt),EN.ATM.CO2E.KT,,19878.807,19493.772,26846.107,29768.706,28217.565,29266.327,28848.289,27553.838,31407.855,31367.518,32892.99,31693.881,,,,,,,,,,,,,,,,,,,,,,,,,,,,,,,,,19878.807,19493.772,26846.107,29768.706,28217.565,29266.327,28848.289,27553.838,31407.855,31367.518,32892.99,31693.881
"Bahamas, The",BHS,CO2 emissions (kt),EN.ATM.CO2E.KT,,1829.833,1778.495,1796.83,2361.548,1606.146,2387.217,1800.497,1906.84,2871.261,2350.547,2016.85,1785.829,,,,,,,,,,,,,,,,,,,,,,,,,,,,,,,,,1829.833,1778.495,1796.83,2361.548,1606.146,2387.217,1800.497,1906.84,2871.261,2350.547,2016.85,1785.829
Bosnia and Herzegovina,BIH,CO2 emissions (kt),EN.ATM.CO2E.KT,,16204.473,17564.93,17652.938,20153.832,20703.882,21275.934,23886.838,22258.69,21921.326,19424.099,18569.688,21847.986,,,,,,,,,,,,,,,,,,,,,,,,,,,,,,,,,16204.473,17564.93,17652.938,20153.832,20703.882,21275.934,23886.838,22258.69,21921.326,19424.099,18569.688,21847.986
Belarus,BLR,CO2 emissions (kt),EN.ATM.CO2E.KT,,59167.045,62071.309,60523.835,63105.403,61220.565,63043.064,64062.49,62969.724,63054.065,62801.042,58279.631,58279.631,,,,,,,,,,,,,,,,,,,,,,,,,,,,,,,,,59167.045,62071.309,60523.835,63105.403,61220.565,63043.064,64062.49,62969.724,63054.065,62801.042,58279.631,58279.631
Belize,BLZ,CO2 emissions (kt),EN.ATM.CO2E.KT,,421.705,443.707,476.71,436.373,586.72,539.049,601.388,476.71,513.38,495.045,579.386,568.385,,,,,,,,,,,,,,,,,,,,,,,,,,,,,,,,,421.705,443.707,476.71,436.373,586.72,539.049,601.388,476.71,513.38,495.045,579.386,568.385
Bermuda,BMU,CO2 emissions (kt),EN.ATM.CO2E.KT,,583.053,652.726,729.733,649.059,476.71,608.722,443.707,366.7,509.713,649.059,557.384,612.389,,,,,,,,,,,,,,,,,,,,,,,,,,,,,,,,,583.053,652.726,729.733,649.059,476.71,608.722,443.707,366.7,509.713,649.059,557.384,612.389
Bolivia,BOL,CO2 emissions (kt),EN.ATM.CO2E.KT,,12185.441,15056.702,12332.121,13237.87,13872.261,15188.714,16299.815,18819.044,19149.074,20329.848,20073.158,21605.964,,,,,,,,,,,,,,,,,,,,,,,,,,,,,,,,,12185.441,15056.702,12332.121,13237.87,13872.261,15188.714,16299.815,18819.044,19149.074,20329.848,20073.158,21605.964
Brazil,BRA,CO2 emissions (kt),EN.ATM.CO2E.KT,,347308.904,347668.27,363212.683,387631.236,367147.374,419754.156,439412.943,470028.726,503677.118,533530.165,504388.516,462298.69,,,,,,,,,,,,,,,,,,,,,,,,,,,,,,,,,347308.904,347668.27,363212.683,387631.236,367147.374,419754.156,439412.943,470028.726,503677.118,533530.165,504388.516,462298.69
Barbados,BRB,CO2 emissions (kt),EN.ATM.CO2E.KT,,1334.788,1360.457,1360.457,1620.814,1613.48,1477.801,1529.139,1470.467,1448.465,1254.114,1254.114,1276.116,,,,,,,,,,,,,,,,,,,,,,,,,,,,,,,,,1334.788,1360.457,1360.457,1620.814,1613.48,1477.801,1529.139,1470.467,1448.465,1254.114,1254.114,1276.116
Brunei Darussalam,BRN,CO2 emissions (kt),EN.ATM.CO2E.KT,,5005.455,4862.442,8415.765,9119.829,7862.048,8203.079,9695.548,9666.212,7803.376,9053.823,7073.643,7664.03,,,,,,,,,,,,,,,,,,,,,,,,,,,,,,,,,5005.455,4862.442,8415.765,9119.829,7862.048,8203.079,9695.548,9666.212,7803.376,9053.823,7073.643,7664.03
Bhutan,BTN,CO2 emissions (kt),EN.ATM.CO2E.KT,,396.036,392.369,392.369,421.705,388.702,487.711,733.4,836.076,920.417,1037.761,1067.097,1261.448,,,,,,,,,,,,,,,,,,,,,,,,,,,,,,,,,396.036,392.369,392.369,421.705,388.702,487.711,733.4,836.076,920.417,1037.761,1067.097,1261.448
Botswana,BWA,CO2 emissions (kt),EN.ATM.CO2E.KT,,4096.039,4136.376,4231.718,4506.743,3887.02,4569.082,4033.7,5082.462,5669.182,6857.29,5430.827,6340.243,,,,,,,,,,,,,,,,,,,,,,,,,,,,,,,,,4096.039,4136.376,4231.718,4506.743,3887.02,4569.082,4033.7,5082.462,5669.182,6857.29,5430.827,6340.243
Central African Republic,CAF,CO2 emissions (kt),EN.ATM.CO2E.KT,,234.688,249.356,253.023,253.023,253.023,264.024,278.692,293.36,286.026,289.693,293.36,297.027,,,,,,,,,,,,,,,,,,,,,,,,,,,,,,,,,234.688,249.356,253.023,253.023,253.023,264.024,278.692,293.36,286.026,289.693,293.36,297.027
Canada,CAN,CO2 emissions (kt),EN.ATM.CO2E.KT,,561425.034,571993.328,571846.648,561791.734,532191.71,527263.262,522774.854,517721.728,519188.528,540614.809,549430.277,544894.198,,,,,,,,,,,,,,,,,,,,,,,,,,,,,,,,,561425.034,571993.328,571846.648,561791.734,532191.71,527263.262,522774.854,517721.728,519188.528,540614.809,549430.277,544894.198
Central Europe and the Baltics,CEB,CO2 emissions (kt),EN.ATM.CO2E.KT,,741005.358,767063.06,766714.695,751049.271,682626.718,713832.888,717019.511,678629.688,660844.738,634262.655,643961.87,656858.709,,,,,,,,,,,,,,,,,,,,,,,,,,,,,,,,,741005.358,767063.06,766714.695,751049.271,682626.718,713832.888,717019.511,678629.688,660844.738,634262.655,643961.87,656858.709
Switzerland,CHE,CO2 emissions (kt),EN.ATM.CO2E.KT,,41444.434,41994.484,38107.464,40509.349,41767.13,39141.558,37183.38,37854.441,40432.342,35679.91,35672.576,34477.134,,,,,,,,,,,,,,,,,,,,,,,,,,,,,,,,,41444.434,41994.484,38107.464,40509.349,41767.13,39141.558,37183.38,37854.441,40432.342,35679.91,35672.576,34477.134
Chile,CHL,CO2 emissions (kt),EN.ATM.CO2E.KT,,61818.286,64814.225,71638.512,71851.198,66805.406,72250.901,79243.87,80974.694,83226.232,79100.857,83244.567,85822.468,,,,,,,,,,,,,,,,,,,,,,,,,,,,,,,,,61818.286,64814.225,71638.512,71851.198,66805.406,72250.901,79243.87,80974.694,83226.232,79100.857,83244.567,85822.468
China,CHN,CO2 emissions (kt),EN.ATM.CO2E.KT,,5896957.705,6529291.518,6697654.489,7553070.247,7557789.676,8776040.416,9733538.12,10028573.94,10258007.13,10291926.88,10145004.86,9893037.952,,,,,,,,,,,,,,,,,,,,,,,,,,,,,,,,,5896957.705,6529291.518,6697654.489,7553070.247,7557789.676,8776040.416,9733538.12,10028573.94,10258007.13,10291926.88,10145004.86,9893037.952
Cote d'Ivoire,CIV,CO2 emissions (kt),EN.ATM.CO2E.KT,,7825.378,6996.636,6776.616,6776.616,5658.181,6967.3,7245.992,9292.178,10681.971,11089.008,10960.663,9673.546,,,,,,,,,,,,,,,,,,,,,,,,,,,,,,,,,7825.378,6996.636,6776.616,6776.616,5658.181,6967.3,7245.992,9292.178,10681.971,11089.008,10960.663,9673.546
Cameroon,CMR,CO2 emissions (kt),EN.ATM.CO2E.KT,,3696.336,3861.351,5834.197,5544.504,6725.278,6780.283,6299.906,6024.881,5020.123,6798.618,7928.054,8291.087,,,,,,,,,,,,,,,,,,,,,,,,,,,,,,,,,3696.336,3861.351,5834.197,5544.504,6725.278,6780.283,6299.906,6024.881,5020.123,6798.618,7928.054,8291.087
"Congo, Dem. Rep.",COD,CO2 emissions (kt),EN.ATM.CO2E.KT,,1499.803,1609.813,1756.493,1859.169,1749.159,2020.517,2493.56,2405.552,3589.993,4671.758,2838.258,2020.517,,,,,,,,,,,,,,,,,,,,,,,,,,,,,,,,,1499.803,1609.813,1756.493,1859.169,1749.159,2020.517,2493.56,2405.552,3589.993,4671.758,2838.258,2020.517
"Congo, Rep.",COG,CO2 emissions (kt),EN.ATM.CO2E.KT,,982.756,1118.435,1213.777,1309.119,1738.158,1972.846,2251.538,2962.936,3237.961,3157.287,3230.627,3281.965,,,,,,,,,,,,,,,,,,,,,,,,,,,,,,,,,982.756,1118.435,1213.777,1309.119,1738.158,1972.846,2251.538,2962.936,3237.961,3157.287,3230.627,3281.965
Colombia,COL,CO2 emissions (kt),EN.ATM.CO2E.KT,,60945.54,62940.388,62430.675,68088.856,73288.662,77040.003,76926.326,80186.289,92734.763,86680.546,94109.888,97813.558,,,,,,,,,,,,,,,,,,,,,,,,,,,,,,,,,60945.54,62940.388,62430.675,68088.856,73288.662,77040.003,76926.326,80186.289,92734.763,86680.546,94109.888,97813.558
Comoros,COM,CO2 emissions (kt),EN.ATM.CO2E.KT,,139.346,161.348,102.676,106.343,132.012,161.348,135.679,143.013,176.016,154.014,168.682,201.685,,,,,,,,,,,,,,,,,,,,,,,,,,,,,,,,,139.346,161.348,102.676,106.343,132.012,161.348,135.679,143.013,176.016,154.014,168.682,201.685
Cabo Verde,CPV,CO2 emissions (kt),EN.ATM.CO2E.KT,,440.04,473.043,506.046,469.376,524.381,557.384,616.056,506.046,498.712,491.378,495.045,542.716,,,,,,,,,,,,,,,,,,,,,,,,,,,,,,,,,440.04,473.043,506.046,469.376,524.381,557.384,616.056,506.046,498.712,491.378,495.045,542.716
Costa Rica,CRI,CO2 emissions (kt),EN.ATM.CO2E.KT,,6868.291,7099.312,8122.405,8129.739,7902.385,7568.688,7374.337,7337.667,7719.035,7843.713,7513.683,8023.396,,,,,,,,,,,,,,,,,,,,,,,,,,,,,,,,,6868.291,7099.312,8122.405,8129.739,7902.385,7568.688,7374.337,7337.667,7719.035,7843.713,7513.683,8023.396
Caribbean small states,CSS,CO2 emissions (kt),EN.ATM.CO2E.KT,,56842.167,62397.672,63805.8,64051.489,61715.61,65419.28,63937.812,62746.037,65254.265,63710.458,63266.751,61722.944,,,,,,,,,,,,,,,,,,,,,,,,,,,,,,,,,56842.167,62397.672,63805.8,64051.489,61715.61,65419.28,63937.812,62746.037,65254.265,63710.458,63266.751,61722.944
Cuba,CUB,CO2 emissions (kt),EN.ATM.CO2E.KT,,26006.364,26505.076,25958.693,27942.54,28206.564,34114.101,29380.004,29746.704,27953.541,27623.511,29244.325,28283.571,,,,,,,,,,,,,,,,,,,,,,,,,,,,,,,,,26006.364,26505.076,25958.693,27942.54,28206.564,34114.101,29380.004,29746.704,27953.541,27623.511,29244.325,28283.571
Curacao,CUW,CO2 emissions (kt),EN.ATM.CO2E.KT,,5999.212,5999.212,5999.212,5999.212,5999.212,5999.212,5999.212,5999.212,5214.474,5881.868,6395.248,5390.49,,,,,,,,,,,,,,,,,,,,,,,,,,,,,,,,,,,,,,,,5999.212,5214.474,5881.868,6395.248,5390.49
Cayman Islands,CYM,CO2 emissions (kt),EN.ATM.CO2E.KT,,473.043,484.044,572.052,583.053,557.384,557.384,586.72,535.382,535.382,546.383,557.384,546.383,,,,,,,,,,,,,,,,,,,,,,,,,,,,,,,,,473.043,484.044,572.052,583.053,557.384,557.384,586.72,535.382,535.382,546.383,557.384,546.383
Cyprus,CYP,CO2 emissions (kt),EN.ATM.CO2E.KT,,7502.682,7788.708,8195.745,8577.113,8111.404,7708.034,7425.675,6919.629,5947.874,6061.551,6138.558,6626.269,,,,,,,,,,,,,,,,,,,,,,,,,,,,,,,,,7502.682,7788.708,8195.745,8577.113,8111.404,7708.034,7425.675,6919.629,5947.874,6061.551,6138.558,6626.269
Czech Republic,CZE,CO2 emissions (kt),EN.ATM.CO2E.KT,,120094.25,122092.765,123288.207,116716.943,107710.791,112745.582,107993.15,103350.728,102012.273,97160.832,99852.41,102217.625,,,,,,,,,,,,,,,,,,,,,,,,,,,,,,,,,120094.25,122092.765,123288.207,116716.943,107710.791,112745.582,107993.15,103350.728,102012.273,97160.832,99852.41,102217.625
Germany,DEU,CO2 emissions (kt),EN.ATM.CO2E.KT,,797759.517,816721.574,781247.016,779296.172,720547.165,757880.892,729810.007,738141.431,757961.566,720363.815,727045.089,727972.84,,,,,,,,,,,,,,,,,,,,,,,,,,,,,,,,,797759.517,816721.574,781247.016,779296.172,720547.165,757880.892,729810.007,738141.431,757961.566,720363.815,727045.089,727972.84
Djibouti,DJI,CO2 emissions (kt),EN.ATM.CO2E.KT,,414.371,410.704,462.042,498.712,458.375,517.047,473.043,480.377,572.052,612.389,627.057,619.723,,,,,,,,,,,,,,,,,,,,,,,,,,,,,,,,,414.371,410.704,462.042,498.712,458.375,517.047,473.043,480.377,572.052,612.389,627.057,619.723
Dominica,DMA,CO2 emissions (kt),EN.ATM.CO2E.KT,,143.013,143.013,183.35,165.015,161.348,172.349,154.014,165.015,168.682,176.016,176.016,179.683,,,,,,,,,,,,,,,,,,,,,,,,,,,,,,,,,143.013,143.013,183.35,165.015,161.348,172.349,154.014,165.015,168.682,176.016,176.016,179.683
Denmark,DNK,CO2 emissions (kt),EN.ATM.CO2E.KT,,47062.278,55019.668,50318.574,47421.644,44488.044,45815.498,40656.029,36427.978,37253.053,33146.013,30817.468,31785.556,,,,,,,,,,,,,,,,,,,,,,,,,,,,,,,,,47062.278,55019.668,50318.574,47421.644,44488.044,45815.498,40656.029,36427.978,37253.053,33146.013,30817.468,31785.556
Dominican Republic,DOM,CO2 emissions (kt),EN.ATM.CO2E.KT,,18639.361,19783.465,21173.258,20711.216,20227.172,21022.911,21767.312,21965.33,21473.952,22145.013,24136.194,25258.296,,,,,,,,,,,,,,,,,,,,,,,,,,,,,,,,,18639.361,19783.465,21173.258,20711.216,20227.172,21022.911,21767.312,21965.33,21473.952,22145.013,24136.194,25258.296
Algeria,DZA,CO2 emissions (kt),EN.ATM.CO2E.KT,,107278.085,101069.854,109404.945,110208.018,121399.702,119177.5,121187.016,129987.816,134465.223,145411.218,153133.92,150005.969,,,,,,,,,,,,,,,,,,,,,,,,,,,,,,,,,107278.085,101069.854,109404.945,110208.018,121399.702,119177.5,121187.016,129987.816,134465.223,145411.218,153133.92,150005.969
East Asia & Pacific (excluding high income),EAP,CO2 emissions (kt),EN.ATM.CO2E.KT,,6929102.534,7566735.833,7772136.778,8707515.638,8748576.025,10004234.7,11048097.03,11385465.48,11544822.47,11555273.67,11582531.13,11421388.28,,,,,,,,,,,,,,,,,,,,,,,,,,,,,,,,,6929102.534,7566735.833,7772136.778,8707515.638,8748576.025,10004234.7,11048097.03,11385465.48,11544822.47,11555273.67,11582531.13,11421388.28
Early-demographic dividend,EAR,CO2 emissions (kt),EN.ATM.CO2E.KT,,5002330.716,5275272.86,5484214.853,5871105.355,6106486.418,6173610.853,6417011.645,6767855.537,6644240.967,7002352.853,7309544.777,7422679.061,,,,,,,,,,,,,,,,,,,,,,,,,,,,,,,,,5002330.716,5275272.86,5484214.853,5871105.355,6106486.418,6173610.853,6417011.645,6767855.537,6644240.967,7002352.853,7309544.777,7422679.061
East Asia & Pacific,EAS,CO2 emissions (kt),EN.ATM.CO2E.KT,,9362921.05,10008085.99,10281497.77,11205668.32,11156119.81,12549251.46,13629697.14,13991440.09,14166073.99,14131065.78,14125802.08,13955922.02,,,,,,,,,,,,,,,,,,,,,,,,,,,,,,,,,9362921.05,10008085.99,10281497.77,11205668.32,11156119.81,12549251.46,13629697.14,13991440.09,14166073.99,14131065.78,14125802.08,13955922.02
Europe & Central Asia (excluding high income),ECA,CO2 emissions (kt),EN.ATM.CO2E.KT,,2792648.497,2896398.725,2941111.747,2994923.241,2735409.651,2934784.441,3078948.879,3119439.893,3028791.653,2989433.742,2920996.521,2979371.494,,,,,,,,,,,,,,,,,,,,,,,,,,,,,,,,,2792648.497,2896398.725,2941111.747,2994923.241,2735409.651,2934784.441,3078948.879,3119439.893,3028791.653,2989433.742,2920996.521,2979371.494
Europe & Central Asia,ECS,CO2 emissions (kt),EN.ATM.CO2E.KT,,6879559.032,7015318.803,6985332.291,6965499.498,6399238.807,6697917.011,6686151.957,6661329.711,6508718.052,6280567.769,6224889.121,6269012.208,,,,,,,,,,,,,,,,,,,,,,,,,,,,,,,,,6879559.032,7015318.803,6985332.291,6965499.498,6399238.807,6697917.011,6686151.957,6661329.711,6508718.052,6280567.769,6224889.121,6269012.208
Ecuador,ECU,CO2 emissions (kt),EN.ATM.CO2E.KT,,30263.751,28859.29,31924.902,33868.412,36068.612,36460.981,36482.983,32526.29,41451.768,46152.862,43270.6,41154.741,,,,,,,,,,,,,,,,,,,,,,,,,,,,,,,,,30263.751,28859.29,31924.902,33868.412,36068.612,36460.981,36482.983,32526.29,41451.768,46152.862,43270.6,41154.741
"Egypt, Arab Rep.",EGY,CO2 emissions (kt),EN.ATM.CO2E.KT,,167207.866,178586.567,189092.522,198586.385,206734.459,202715.427,217412.763,220108.008,214402.156,227852.712,224581.748,238560.352,,,,,,,,,,,,,,,,,,,,,,,,,,,,,,,,,167207.866,178586.567,189092.522,198586.385,206734.459,202715.427,217412.763,220108.008,214402.156,227852.712,224581.748,238560.352
Euro area,EMU,CO2 emissions (kt),EN.ATM.CO2E.KT,,2751595.789,2752534.541,2705219.24,2641688.465,2442731.713,2496482.599,2400388.864,2351221.728,2309388.592,2191967.585,2237357.45,2228500.891,,,,,,,,,,,,,,,,,,,,,,,,,,,,,,,,,2751595.789,2752534.541,2705219.24,2641688.465,2442731.713,2496482.599,2400388.864,2351221.728,2309388.592,2191967.585,2237357.45,2228500.891
Eritrea,ERI,CO2 emissions (kt),EN.ATM.CO2E.KT,,766.403,550.05,564.718,407.037,502.379,502.379,579.386,645.392,652.726,711.398,693.063,711.398,,,,,,,,,,,,,,,,,,,,,,,,,,,,,,,,,766.403,550.05,564.718,407.037,502.379,502.379,579.386,645.392,652.726,711.398,693.063,711.398
Spain,ESP,CO2 emissions (kt),EN.ATM.CO2E.KT,,353462.13,350037.152,358236.564,329285.599,288237.201,270910.626,270547.593,264779.402,237034.88,233976.602,250496.437,244002.18,,,,,,,,,,,,,,,,,,,,,,,,,,,,,,,,,353462.13,350037.152,358236.564,329285.599,288237.201,270910.626,270547.593,264779.402,237034.88,233976.602,250496.437,244002.18
Estonia,EST,CO2 emissions (kt),EN.ATM.CO2E.KT,,16754.523,16175.137,18357.002,17018.547,14312.301,17781.283,18096.645,17146.892,19332.424,18173.652,16362.154,16589.508,,,,,,,,,,,,,,,,,,,,,,,,,,,,,,,,,16754.523,16175.137,18357.002,17018.547,14312.301,17781.283,18096.645,17146.892,19332.424,18173.652,16362.154,16589.508
Ethiopia,ETH,CO2 emissions (kt),EN.ATM.CO2E.KT,,5119.132,5504.167,6024.881,6629.936,6673.94,6527.26,7135.982,8518.441,10410.613,12434.797,13718.247,14869.685,,,,,,,,,,,,,,,,,,,,,,,,,,,,,,,,,5119.132,5504.167,6024.881,6629.936,6673.94,6527.26,7135.982,8518.441,10410.613,12434.797,13718.247,14869.685
European Union,EUU,CO2 emissions (kt),EN.ATM.CO2E.KT,,3497837.623,3530492.258,3475446.921,3394285.21,3129531.477,3217253.451,3120936.029,3027805.23,2966298.639,2821760.167,2867173.267,2881620.536,,,,,,,,,,,,,,,,,,,,,,,,,,,,,,,,,3497837.623,3530492.258,3475446.921,3394285.21,3129531.477,3217253.451,3120936.029,3027805.23,2966298.639,2821760.167,2867173.267,2881620.536
Fragile and conflict affected situations,FCS,CO2 emissions (kt),EN.ATM.CO2E.KT,,596101.9846,586257.2945,552632.5079,613405.114,613401.4139,679474.7713,682830.7961,703603.3687,722116.8172,740973.7228,715668.6861,738491.9679,,,,,,,,,,,,,,,,,,,,,,,,,,,,,,,,,596101.9846,586257.2945,552632.5079,613405.114,613401.4139,679474.7713,682830.7961,703603.3687,722116.8172,740973.7228,715668.6861,738491.9679
Finland,FIN,CO2 emissions (kt),EN.ATM.CO2E.KT,,54777.646,65774.979,63739.794,56966.845,53395.187,61928.296,56662.484,49013.122,47164.954,47230.96,42606.873,45870.503,,,,,,,,,,,,,,,,,,,,,,,,,,,,,,,,,54777.646,65774.979,63739.794,56966.845,53395.187,61928.296,56662.484,49013.122,47164.954,47230.96,42606.873,45870.503
Fiji,FJI,CO2 emissions (kt),EN.ATM.CO2E.KT,,1096.433,1217.444,1158.772,894.748,792.072,1221.111,1089.099,1059.763,1338.455,1646.483,2156.196,2046.186,,,,,,,,,,,,,,,,,,,,,,,,,,,,,,,,,1096.433,1217.444,1158.772,894.748,792.072,1221.111,1089.099,1059.763,1338.455,1646.483,2156.196,2046.186
France,FRA,CO2 emissions (kt),EN.ATM.CO2E.KT,,385368.697,375764.824,369142.222,366325.966,351899.988,353033.091,331804.828,333227.624,334096.703,303275.568,,,,,,,,,,,,,,,,,,,,,,,,,,,,,,,,,,,385368.697,375764.824,369142.222,366325.966,351899.988,353033.091,331804.828,333227.624,334096.703,303275.568,,
Faroe Islands,FRO,CO2 emissions (kt),EN.ATM.CO2E.KT,,722.399,678.395,689.396,630.724,575.719,630.724,568.385,590.387,678.395,597.721,608.722,630.724,,,,,,,,,,,,,,,,,,,,,,,,,,,,,,,,,722.399,678.395,689.396,630.724,575.719,630.724,568.385,590.387,678.395,597.721,608.722,630.724
"Micronesia, Fed. Sts.",FSM,CO2 emissions (kt),EN.ATM.CO2E.KT,,121.011,121.011,132.012,110.01,146.68,102.676,117.344,124.678,135.679,135.679,143.013,143.013,,,,,,,,,,,,,,,,,,,,,,,,,,,,,,,,,121.011,121.011,132.012,110.01,146.68,102.676,117.344,124.678,135.679,135.679,143.013,143.013
Gabon,GAB,CO2 emissions (kt),EN.ATM.CO2E.KT,,4888.111,4173.046,4118.041,4180.38,4253.72,4800.103,4950.45,5056.793,5280.48,5324.484,5262.145,5320.817,,,,,,,,,,,,,,,,,,,,,,,,,,,,,,,,,4888.111,4173.046,4118.041,4180.38,4253.72,4800.103,4950.45,5056.793,5280.48,5324.484,5262.145,5320.817
United Kingdom,GBR,CO2 emissions (kt),EN.ATM.CO2E.KT,,542580.321,541458.219,528425.701,521652.752,471389.183,492676.118,447440.006,468261.232,455940.112,419743.155,405038.485,379024.787,,,,,,,,,,,,,,,,,,,,,,,,,,,,,,,,,542580.321,541458.219,528425.701,521652.752,471389.183,492676.118,447440.006,468261.232,455940.112,419743.155,405038.485,379024.787
Georgia,GEO,CO2 emissions (kt),EN.ATM.CO2E.KT,,5067.794,6149.559,6420.917,5364.821,6241.234,6314.574,7990.393,8445.101,8203.079,8980.483,9798.224,10128.254,,,,,,,,,,,,,,,,,,,,,,,,,,,,,,,,,5067.794,6149.559,6420.917,5364.821,6241.234,6314.574,7990.393,8445.101,8203.079,8980.483,9798.224,10128.254
Ghana,GHA,CO2 emissions (kt),EN.ATM.CO2E.KT,,6992.969,9358.184,9827.56,9138.164,7708.034,9955.905,11525.381,14862.351,14682.668,15265.721,16552.838,16670.182,,,,,,,,,,,,,,,,,,,,,,,,,,,,,,,,,6992.969,9358.184,9827.56,9138.164,7708.034,9955.905,11525.381,14862.351,14682.668,15265.721,16552.838,16670.182
Gibraltar,GIB,CO2 emissions (kt),EN.ATM.CO2E.KT,,399.703,418.038,414.371,425.372,462.042,465.709,451.041,462.042,491.378,528.048,579.386,634.391,,,,,,,,,,,,,,,,,,,,,,,,,,,,,,,,,399.703,418.038,414.371,425.372,462.042,465.709,451.041,462.042,491.378,528.048,579.386,634.391
Guinea,GIN,CO2 emissions (kt),EN.ATM.CO2E.KT,,1826.166,1892.172,1969.179,2189.199,2262.539,2603.57,2779.586,2581.568,2299.209,2383.55,2702.579,2995.939,,,,,,,,,,,,,,,,,,,,,,,,,,,,,,,,,1826.166,1892.172,1969.179,2189.199,2262.539,2603.57,2779.586,2581.568,2299.209,2383.55,2702.579,2995.939
"Gambia, The",GMB,CO2 emissions (kt),EN.ATM.CO2E.KT,,326.363,352.032,352.032,366.7,381.368,432.706,447.374,454.708,432.706,513.38,524.381,531.715,,,,,,,,,,,,,,,,,,,,,,,,,,,,,,,,,326.363,352.032,352.032,366.7,381.368,432.706,447.374,454.708,432.706,513.38,524.381,531.715
Guinea-Bissau,GNB,CO2 emissions (kt),EN.ATM.CO2E.KT,,212.686,216.353,231.021,227.354,234.688,238.355,245.689,253.023,256.69,271.358,278.692,293.36,,,,,,,,,,,,,,,,,,,,,,,,,,,,,,,,,212.686,216.353,231.021,227.354,234.688,238.355,245.689,253.023,256.69,271.358,278.692,293.36
Equatorial Guinea,GNQ,CO2 emissions (kt),EN.ATM.CO2E.KT,,7532.018,8181.077,7865.715,6428.251,6776.616,6893.96,9398.521,6985.635,7700.7,7308.331,6028.548,5654.514,,,,,,,,,,,,,,,,,,,,,,,,,,,,,,,,,7532.018,8181.077,7865.715,6428.251,6776.616,6893.96,9398.521,6985.635,7700.7,7308.331,6028.548,5654.514
Greece,GRC,CO2 emissions (kt),EN.ATM.CO2E.KT,,98675.303,97285.51,98246.264,95965.39,91942.691,83856.956,79841.591,80050.61,69474.982,67527.805,65059.914,62434.342,,,,,,,,,,,,,,,,,,,,,,,,,,,,,,,,,98675.303,97285.51,98246.264,95965.39,91942.691,83856.956,79841.591,80050.61,69474.982,67527.805,65059.914,62434.342
Grenada,GRD,CO2 emissions (kt),EN.ATM.CO2E.KT,,216.353,231.021,238.355,253.023,253.023,260.357,253.023,271.358,304.361,234.688,260.357,267.691,,,,,,,,,,,,,,,,,,,,,,,,,,,,,,,,,216.353,231.021,238.355,253.023,253.023,260.357,253.023,271.358,304.361,234.688,260.357,267.691
Greenland,GRL,CO2 emissions (kt),EN.ATM.CO2E.KT,,608.722,627.057,638.058,660.06,575.719,663.727,707.731,568.385,553.717,506.046,509.713,509.713,,,,,,,,,,,,,,,,,,,,,,,,,,,,,,,,,608.722,627.057,638.058,660.06,575.719,663.727,707.731,568.385,553.717,506.046,509.713,509.713
Guatemala,GTM,CO2 emissions (kt),EN.ATM.CO2E.KT,,12328.454,12405.461,12398.127,11155.014,11606.055,11400.703,11554.717,11884.747,12918.841,13952.935,15834.106,16776.525,,,,,,,,,,,,,,,,,,,,,,,,,,,,,,,,,12328.454,12405.461,12398.127,11155.014,11606.055,11400.703,11554.717,11884.747,12918.841,13952.935,15834.106,16776.525
Guyana,GUY,CO2 emissions (kt),EN.ATM.CO2E.KT,,1437.464,1290.784,1562.142,1558.475,1565.809,1719.823,1782.162,1994.848,1936.176,2009.516,2016.85,2383.55,,,,,,,,,,,,,,,,,,,,,,,,,,,,,,,,,1437.464,1290.784,1562.142,1558.475,1565.809,1719.823,1782.162,1994.848,1936.176,2009.516,2016.85,2383.55
High income,HIC,CO2 emissions (kt),EN.ATM.CO2E.KT,,13760173.54,13800439.21,13875575.81,13687132.57,12955610.93,13385297.81,13148467.67,13065658.34,13071380.84,12985385.47,12909420.44,12669524.37,,,,,,,,,,,,,,,,,,,,,,,,,,,,,,,,,13760173.54,13800439.21,13875575.81,13687132.57,12955610.93,13385297.81,13148467.67,13065658.34,13071380.84,12985385.47,12909420.44,12669524.37
"Hong Kong SAR, China",HKG,CO2 emissions (kt),EN.ATM.CO2E.KT,,43871.988,42056.823,43721.641,42991.908,41745.128,40267.327,43369.609,42980.907,44546.716,45749.492,42647.21,43644.634,,,,,,,,,,,,,,,,,,,,,,,,,,,,,,,,,43871.988,42056.823,43721.641,42991.908,41745.128,40267.327,43369.609,42980.907,44546.716,45749.492,42647.21,43644.634
Honduras,HND,CO2 emissions (kt),EN.ATM.CO2E.KT,,7554.02,7620.026,8778.798,8672.455,7873.049,8104.07,8789.799,9163.833,9416.856,9508.531,10018.244,9812.892,,,,,,,,,,,,,,,,,,,,,,,,,,,,,,,,,7554.02,7620.026,8778.798,8672.455,7873.049,8104.07,8789.799,9163.833,9416.856,9508.531,10018.244,9812.892
Heavily indebted poor countries (HIPC),HPC,CO2 emissions (kt),EN.ATM.CO2E.KT,,101183.531,109720.307,116881.958,121828.741,126141.133,141032.82,153621.631,164310.936,172569.02,188788.161,199382.124,204424.249,,,,,,,,,,,,,,,,,,,,,,,,,,,,,,,,,101183.531,109720.307,116881.958,121828.741,126141.133,141032.82,153621.631,164310.936,172569.02,188788.161,199382.124,204424.249
Croatia,HRV,CO2 emissions (kt),EN.ATM.CO2E.KT,,22592.387,22607.055,23828.166,22592.387,21165.924,20172.167,19915.477,18045.307,17601.6,16904.87,17311.907,17487.923,,,,,,,,,,,,,,,,,,,,,,,,,,,,,,,,,22592.387,22607.055,23828.166,22592.387,21165.924,20172.167,19915.477,18045.307,17601.6,16904.87,17311.907,17487.923
Haiti,HTI,CO2 emissions (kt),EN.ATM.CO2E.KT,,2075.522,2112.192,2390.884,2398.218,2269.873,2126.86,2093.857,2200.2,2306.543,2808.922,2933.6,2977.604,,,,,,,,,,,,,,,,,,,,,,,,,,,,,,,,,2075.522,2112.192,2390.884,2398.218,2269.873,2126.86,2093.857,2200.2,2306.543,2808.922,2933.6,2977.604
Hungary,HUN,CO2 emissions (kt),EN.ATM.CO2E.KT,,58019.274,57384.883,55980.422,54788.647,48510.743,50223.232,48587.75,45206.776,42306.179,41341.758,44418.371,45536.806,,,,,,,,,,,,,,,,,,,,,,,,,,,,,,,,,58019.274,57384.883,55980.422,54788.647,48510.743,50223.232,48587.75,45206.776,42306.179,41341.758,44418.371,45536.806
IBRD only,IBD,CO2 emissions (kt),EN.ATM.CO2E.KT,,14075502.92,15023119.61,15419500.31,16746591.28,16721105.63,18251850.78,19638233.47,20305462.45,20457569.61,20731974.89,20741010.38,20735704.23,,,,,,,,,,,,,,,,,,,,,,,,,,,,,,,,,14075502.92,15023119.61,15419500.31,16746591.28,16721105.63,18251850.78,19638233.47,20305462.45,20457569.61,20731974.89,20741010.38,20735704.23
IDA & IBRD total,IBT,CO2 emissions (kt),EN.ATM.CO2E.KT,,14706390.23,15675953.61,16109569.75,17450702.41,17396251.14,18997748.11,20428722.1,21080478.98,21246496.99,21559429.85,21580969.05,21601125.13,,,,,,,,,,,,,,,,,,,,,,,,,,,,,,,,,14706390.23,15675953.61,16109569.75,17450702.41,17396251.14,18997748.11,20428722.1,21080478.98,21246496.99,21559429.85,21580969.05,21601125.13
IDA total,IDA,CO2 emissions (kt),EN.ATM.CO2E.KT,,628598.8228,650094.0457,687626.5741,700620.9037,671438.536,741922.2193,786115.5146,770157.8519,784083.1281,822720.9703,835298.7582,860923.1861,,,,,,,,,,,,,,,,,,,,,,,,,,,,,,,,,628598.8228,650094.0457,687626.5741,700620.9037,671438.536,741922.2193,786115.5146,770157.8519,784083.1281,822720.9703,835298.7582,860923.1861
IDA blend,IDB,CO2 emissions (kt),EN.ATM.CO2E.KT,,391041.546,396743.731,409732.245,411228.381,376215.865,424348.907,456908.2,442386.88,444532.075,463831.496,459596.111,465496.314,,,,,,,,,,,,,,,,,,,,,,,,,,,,,,,,,391041.546,396743.731,409732.245,411228.381,376215.865,424348.907,456908.2,442386.88,444532.075,463831.496,459596.111,465496.314
Indonesia,IDN,CO2 emissions (kt),EN.ATM.CO2E.KT,,341991.754,345119.705,375544.804,416560.199,446420.58,428760.308,509969.69,529632.144,415012.725,369945.295,512749.276,563324.54,,,,,,,,,,,,,,,,,,,,,,,,,,,,,,,,,341991.754,345119.705,375544.804,416560.199,446420.58,428760.308,509969.69,529632.144,415012.725,369945.295,512749.276,563324.54
IDA only,IDX,CO2 emissions (kt),EN.ATM.CO2E.KT,,235184.0475,251222.8861,276066.8368,287796.7908,293965.4338,316052.675,327485.3259,326163.7398,337979.2785,357268.9705,374182.208,393950.1567,,,,,,,,,,,,,,,,,,,,,,,,,,,,,,,,,235184.0475,251222.8861,276066.8368,287796.7908,293965.4338,316052.675,327485.3259,326163.7398,337979.2785,357268.9705,374182.208,393950.1567
India,IND,CO2 emissions (kt),EN.ATM.CO2E.KT,,1222563.132,1303717.509,1407607.286,1568379.567,1738645.711,1719690.988,1836561.945,2013788.055,2030971.617,2232729.957,2337749.17,2407671.526,,,,,,,,,,,,,,,,,,,,,,,,,,,,,,,,,1222563.132,1303717.509,1407607.286,1568379.567,1738645.711,1719690.988,1836561.945,2013788.055,2030971.617,2232729.957,2337749.17,2407671.526
Ireland,IRL,CO2 emissions (kt),EN.ATM.CO2E.KT,,43464.951,43145.922,44469.709,43083.583,40480.013,40058.308,35635.906,35588.235,34873.17,34004.091,35907.264,37711.428,,,,,,,,,,,,,,,,,,,,,,,,,,,,,,,,,,,,,,,,,,,,
"Iran, Islamic Rep.",IRN,CO2 emissions (kt),EN.ATM.CO2E.KT,,468807.615,509338.966,519324.207,541582.897,554278.051,573031.089,589055.879,611761.943,619524.982,652392.303,650078.426,661710.15,,,,,,,,,,,,,,,,,,,,,,,,,,,,,,,,,43464.951,43145.922,44469.709,43083.583,40480.013,40058.308,35635.906,35588.235,34873.17,34004.091,35907.264,37711.428
Iraq,IRQ,CO2 emissions (kt),EN.ATM.CO2E.KT,,113522.986,98770.645,62155.65,93149.134,104546.17,112195.532,136830.438,154446.706,165612.721,166628.48,167273.872,190060.61,,,,,,,,,,,,,,,,,,,,,,,,,,,,,,,,,468807.615,509338.966,519324.207,541582.897,554278.051,573031.089,589055.879,611761.943,619524.982,652392.303,650078.426,661710.15
Iceland,ISL,CO2 emissions (kt),EN.ATM.CO2E.KT,,2229.536,2299.209,2310.21,2119.526,2053.52,1961.845,1881.171,1873.837,1899.506,1983.847,1987.514,2064.521,,,,,,,,,,,,,,,,,,,,,,,,,,,,,,,,,113522.986,98770.645,62155.65,93149.134,104546.17,112195.532,136830.438,154446.706,165612.721,166628.48,167273.872,190060.61
Israel,ISR,CO2 emissions (kt),EN.ATM.CO2E.KT,,56952.177,62471.012,63072.4,68264.872,64469.527,68880.928,69130.284,75529.199,66039.003,62881.716,66207.685,65166.257,,,,,,,,,,,,,,,,,,,,,,,,,,,,,,,,,2229.536,2299.209,2310.21,2119.526,2053.52,1961.845,1881.171,1873.837,1899.506,1983.847,1987.514,2064.521
Italy,ITA,CO2 emissions (kt),EN.ATM.CO2E.KT,,473384.031,469346.664,462676.391,447186.983,401591.505,405361.181,397994.178,369468.585,345317.723,320411.459,320411.459,320411.459,,,,,,,,,,,,,,,,,,,,,,,,,,,,,,,,,56952.177,62471.012,63072.4,68264.872,64469.527,68880.928,69130.284,75529.199,66039.003,62881.716,66207.685,65166.257
Jamaica,JAM,CO2 emissions (kt),EN.ATM.CO2E.KT,,10498.621,11496.045,9651.544,10007.243,7601.691,7161.651,7730.036,7370.67,8001.394,7293.663,7572.355,8225.081,,,,,,,,,,,,,,,,,,,,,,,,,,,,,,,,,473384.031,469346.664,462676.391,447186.983,401591.505,405361.181,397994.178,369468.585,345317.723,320411.459,,
Jordan,JOR,CO2 emissions (kt),EN.ATM.CO2E.KT,,21059.581,21121.92,22035.003,21349.274,21891.99,21180.592,21668.303,24444.222,24462.557,26571.082,26200.715,25107.949,,,,,,,,,,,,,,,,,,,,,,,,,,,,,,,,,10498.621,11496.045,9651.544,10007.243,7601.691,7161.651,7730.036,7370.67,8001.394,7293.663,7572.355,8225.081
Japan,JPN,CO2 emissions (kt),EN.ATM.CO2E.KT,,1240945.803,1234755.907,1251554.434,1211756.483,1105314.474,1172611.258,1190469.548,1229622.107,1244616.47,1206674.021,1163803.124,1135886.253,,,,,,,,,,,,,,,,,,,,,,,,,,,,,,,,,21059.581,21121.92,22035.003,21349.274,21891.99,21180.592,21668.303,24444.222,24462.557,26571.082,26200.715,25107.949
Kazakhstan,KAZ,CO2 emissions (kt),EN.ATM.CO2E.KT,,177328.786,192631.177,222348.545,232806.829,213338.726,248549.26,259058.882,242971.753,262846.893,248395.246,242091.673,247207.138,,,,,,,,,,,,,,,,,,,,,,,,,,,,,,,,,1240945.803,1234755.907,1251554.434,1211756.483,1105314.474,1172611.258,1190469.548,1229622.107,1244616.47,1206674.021,1163803.124,1135886.253
Kenya,KEN,CO2 emissions (kt),EN.ATM.CO2E.KT,,8562.445,9574.537,9831.227,10241.931,12354.123,12174.44,13457.89,12541.14,13333.212,14436.979,17018.547,17909.628,,,,,,,,,,,,,,,,,,,,,,,,,,,,,,,,,177328.786,192631.177,222348.545,232806.829,213338.726,248549.26,259058.882,242971.753,262846.893,248395.246,242091.673,247207.138
Kyrgyz Republic,KGZ,CO2 emissions (kt),EN.ATM.CO2E.KT,,5592.175,5507.834,6629.936,7660.363,6791.284,6384.247,7656.696,10131.921,9842.228,10289.602,10447.283,9787.223,,,,,,,,,,,,,,,,,,,,,,,,,,,,,,,,,8562.445,9574.537,9831.227,10241.931,12354.123,12174.44,13457.89,12541.14,13333.212,14436.979,17018.547,17909.628
Cambodia,KHM,CO2 emissions (kt),EN.ATM.CO2E.KT,,2775.919,2999.606,3465.315,3898.021,4679.092,5126.466,5218.141,5456.496,5603.176,6684.941,8628.451,9919.235,,,,,,,,,,,,,,,,,,,,,,,,,,,,,,,,,5592.175,5507.834,6629.936,7660.363,6791.284,6384.247,7656.696,10131.921,9842.228,10289.602,10447.283,9787.223
Kiribati,KIR,CO2 emissions (kt),EN.ATM.CO2E.KT,,58.672,66.006,58.672,66.006,55.005,58.672,55.005,51.338,51.338,58.672,62.339,66.006,,,,,,,,,,,,,,,,,,,,,,,,,,,,,,,,,2775.919,2999.606,3465.315,3898.021,4679.092,5126.466,5218.141,5456.496,5603.176,6684.941,8628.451,9919.235
St. Kitts and Nevis,KNA,CO2 emissions (kt),EN.ATM.CO2E.KT,,198.018,201.685,216.353,216.353,223.687,220.02,231.021,220.02,223.687,231.021,234.688,238.355,,,,,,,,,,,,,,,,,,,,,,,,,,,,,,,,,58.672,66.006,58.672,66.006,55.005,58.672,55.005,51.338,51.338,58.672,62.339,66.006
"Korea, Rep.",KOR,CO2 emissions (kt),EN.ATM.CO2E.KT,,462918.413,470655.783,495675.724,507589.807,508862.256,566716.515,589400.577,583966.083,592499.192,587156.373,597354.3,620302.386,,,,,,,,,,,,,,,,,,,,,,,,,,,,,,,,,198.018,201.685,216.353,216.353,223.687,220.02,231.021,220.02,223.687,231.021,234.688,238.355
Kuwait,KWT,CO2 emissions (kt),EN.ATM.CO2E.KT,,71546.837,73769.039,75235.839,82731.187,87303.936,89625.147,86658.544,100516.137,94821.286,88371.033,92984.119,98733.975,,,,,,,,,,,,,,,,,,,,,,,,,,,,,,,,,462918.413,470655.783,495675.724,507589.807,508862.256,566716.515,589400.577,583966.083,592499.192,587156.373,597354.3,620302.386
Latin America & Caribbean (excluding high income),LAC,CO2 emissions (kt),EN.ATM.CO2E.KT,,1383617.772,1415337.322,1431736.146,1516425.511,1485883.068,1562391.356,1577180.367,1650282.012,1683343.684,1714043.808,1691612.769,1657513.336,,,,,,,,,,,,,,,,,,,,,,,,,,,,,,,,,71546.837,73769.039,75235.839,82731.187,87303.936,89625.147,86658.544,100516.137,94821.286,88371.033,92984.119,98733.975
Lao PDR,LAO,CO2 emissions (kt),EN.ATM.CO2E.KT,,1364.124,1796.83,1877.504,2174.531,2783.253,3142.619,3325.969,3582.659,4184.047,4554.414,9046.489,17762.948,,,,,,,,,,,,,,,,,,,,,,,,,,,,,,,,,1383617.772,1415337.322,1431736.146,1516425.511,1485883.068,1562391.356,1577180.367,1650282.012,1683343.684,1714043.808,1691612.769,1657513.336
Lebanon,LBN,CO2 emissions (kt),EN.ATM.CO2E.KT,,16208.14,14458.981,13461.557,17227.566,20872.564,20047.489,20469.194,22632.724,22581.386,24070.188,24469.891,24796.254,,,,,,,,,,,,,,,,,,,,,,,,,,,,,,,,,1364.124,1796.83,1877.504,2174.531,2783.253,3142.619,3325.969,3582.659,4184.047,4554.414,9046.489,17762.948
Liberia,LBR,CO2 emissions (kt),EN.ATM.CO2E.KT,,671.061,689.396,645.392,546.383,484.044,770.07,861.745,979.089,898.415,1224.778,1239.446,1386.126,,,,,,,,,,,,,,,,,,,,,,,,,,,,,,,,,16208.14,14458.981,13461.557,17227.566,20872.564,20047.489,20469.194,22632.724,22581.386,24070.188,24469.891,24796.254
Libya,LBY,CO2 emissions (kt),EN.ATM.CO2E.KT,,52108.07,53270.509,49959.208,56013.425,57978.937,61961.299,39702.609,52683.789,56266.448,59489.741,56996.181,50564.263,,,,,,,,,,,,,,,,,,,,,,,,,,,,,,,,,671.061,689.396,645.392,546.383,484.044,770.07,861.745,979.089,898.415,1224.778,1239.446,1386.126
St. Lucia,LCA,CO2 emissions (kt),EN.ATM.CO2E.KT,,366.7,366.7,385.035,396.036,385.035,403.37,407.037,407.037,407.037,407.037,410.704,414.371,,,,,,,,,,,,,,,,,,,,,,,,,,,,,,,,,52108.07,53270.509,49959.208,56013.425,57978.937,61961.299,39702.609,52683.789,56266.448,59489.741,56996.181,50564.263
Latin America & Caribbean,LCN,CO2 emissions (kt),EN.ATM.CO2E.KT,,1525959.796,1567338.855,1593209.14,1681479.255,1645991.818,1731757.156,1754657.44,1828721.414,1865757.195,1890997.74,1872709.992,1836828.167,,,,,,,,,,,,,,,,,,,,,,,,,,,,,,,,,366.7,366.7,385.035,396.036,385.035,403.37,407.037,407.037,407.037,407.037,410.704,414.371
Least developed countries: UN classification,LDC,CO2 emissions (kt),EN.ATM.CO2E.KT,,159659.81,173509.8716,183973.8653,194997.2314,212568.9843,232773.5167,246463.2248,252616.3216,271433.463,304868.8489,308726.4927,329491.0024,,,,,,,,,,,,,,,,,,,,,,,,,,,,,,,,,1525959.796,1567338.855,1593209.14,1681479.255,1645991.818,1731757.156,1754657.44,1828721.414,1865757.195,1890997.74,1872709.992,1836828.167
Low income,LIC,CO2 emissions (kt),EN.ATM.CO2E.KT,,192972.6216,201797.5775,207668.2726,222068.8757,206351.9054,205307.89,190135.6233,177906.2695,170766.7458,178942.2887,164565.6453,168202.9737,,,,,,,,,,,,,,,,,,,,,,,,,,,,,,,,,159659.81,173509.8716,183973.8653,194997.2314,212568.9843,232773.5167,246463.2248,252616.3216,271433.463,304868.8489,308726.4927,329491.0024
Liechtenstein,LIE,CO2 emissions (kt),EN.ATM.CO2E.KT,,69.673,69.673,69.673,69.673,55.005,58.672,51.338,55.005,55.005,47.671,51.338,51.338,,,,,,,,,,,,,,,,,,,,,,,,,,,,,,,,,192972.6216,201797.5775,207668.2726,222068.8757,206351.9054,205307.89,190135.6233,177906.2695,170766.7458,178942.2887,164565.6453,168202.9737
Sri Lanka,LKA,CO2 emissions (kt),EN.ATM.CO2E.KT,,12101.1,11976.422,12354.123,12207.443,13175.531,13263.539,15137.376,16061.46,14913.689,17924.296,20113.495,23362.457,,,,,,,,,,,,,,,,,,,,,,,,,,,,,,,,,,,69.673,69.673,55.005,58.672,51.338,55.005,55.005,47.671,51.338,51.338
Lower middle income,LMC,CO2 emissions (kt),EN.ATM.CO2E.KT,,2640041.982,2738801.626,2888209.874,3078791.198,3200253.239,3316893.175,3499128.407,3714344.637,3736262.296,3982717.699,4101458.826,4229048.424,,,,,,,,,,,,,,,,,,,,,,,,,,,,,,,,,12101.1,11976.422,12354.123,12207.443,13175.531,13263.539,15137.376,16061.46,14913.689,17924.296,20113.495,23362.457
Low & middle income,LMY,CO2 emissions (kt),EN.ATM.CO2E.KT,,14271909.44,15210105.36,15626291.39,16980955.25,16947335.24,18528063.04,19926212.47,20601078.43,20759874.4,21100455.47,21111363.01,21122439.33,,,,,,,,,,,,,,,,,,,,,,,,,,,,,,,,,2640041.982,2738801.626,2888209.874,3078791.198,3200253.239,3316893.175,3499128.407,3714344.637,3736262.296,3982717.699,4101458.826,4229048.424
Lesotho,LSO,CO2 emissions (kt),EN.ATM.CO2E.KT,,2013.183,2038.852,2075.522,2126.86,2218.535,2277.207,2328.545,2398.218,2423.887,2431.221,2346.88,2511.895,,,,,,,,,,,,,,,,,,,,,,,,,,,,,,,,,14271909.44,15210105.36,15626291.39,16980955.25,16947335.24,18528063.04,19926212.47,20601078.43,20759874.4,21100455.47,21111363.01,21122439.33
Late-demographic dividend,LTE,CO2 emissions (kt),EN.ATM.CO2E.KT,,9898776.613,10689357.02,10920929.64,11936792.85,11727906.59,13224873.84,14358166.2,14801401.88,15046640.89,15094428.99,14877212.35,14680565.35,,,,,,,,,,,,,,,,,,,,,,,,,,,,,,,,,2013.183,2038.852,2075.522,2126.86,2218.535,2277.207,2328.545,2398.218,2423.887,2431.221,2346.88,2511.895
Lithuania,LTU,CO2 emissions (kt),EN.ATM.CO2E.KT,,13901.597,14158.287,15166.712,15009.031,12519.138,13468.891,13787.92,13831.924,12640.149,12838.167,13083.856,12962.845,,,,,,,,,,,,,,,,,,,,,,,,,,,,,,,,,9898776.613,10689357.02,10920929.64,11936792.85,11727906.59,13224873.84,14358166.2,14801401.88,15046640.89,15094428.99,14877212.35,14680565.35
Luxembourg,LUX,CO2 emissions (kt),EN.ATM.CO2E.KT,,11547.383,11349.365,11019.335,10938.661,10392.278,10967.997,10894.657,10593.963,10051.247,9662.545,9251.841,8987.817,,,,,,,,,,,,,,,,,,,,,,,,,,,,,,,,,13901.597,14158.287,15166.712,15009.031,12519.138,13468.891,13787.92,13831.924,12640.149,12838.167,13083.856,12962.845
Latvia,LVA,CO2 emissions (kt),EN.ATM.CO2E.KT,,7506.349,8012.395,8316.756,7902.385,7231.324,8074.734,7293.663,7062.642,7080.977,6926.963,7007.637,7003.97,,,,,,,,,,,,,,,,,,,,,,,,,,,,,,,,,11547.383,11349.365,11019.335,10938.661,10392.278,10967.997,10894.657,10593.963,10051.247,9662.545,9251.841,8987.817
"Macao SAR, China",MAC,CO2 emissions (kt),EN.ATM.CO2E.KT,,1829.833,1620.814,1364.124,1133.103,1892.172,1235.779,1510.804,1345.789,1272.449,1576.81,2090.19,2068.188,,,,,,,,,,,,,,,,,,,,,,,,,,,,,,,,,7506.349,8012.395,8316.756,7902.385,7231.324,8074.734,7293.663,7062.642,7080.977,6926.963,7007.637,7003.97
Morocco,MAR,CO2 emissions (kt),EN.ATM.CO2E.KT,,45771.494,47425.311,50267.236,52900.142,52482.104,55958.42,56699.154,59273.388,58987.362,59882.11,61271.903,61275.57,,,,,,,,,,,,,,,,,,,,,,,,,,,,,,,,,,,,,,,,,,,,
Moldova,MDA,CO2 emissions (kt),EN.ATM.CO2E.KT,,4895.445,4994.454,4679.092,4778.101,4550.747,4932.115,5020.123,4924.781,4998.121,4928.448,4943.116,5115.465,,,,,,,,,,,,,,,,,,,,,,,,,,,,,,,,,,,,,,,,,,,,
Madagascar,MDG,CO2 emissions (kt),EN.ATM.CO2E.KT,,1741.825,1683.153,1815.165,1888.505,1771.161,1958.178,2401.885,2768.585,3171.955,3300.3,3644.998,3905.355,,,,,,,,,,,,,,,,,,,,,,,,,,,,,,,,,4895.445,4994.454,4679.092,4778.101,4550.747,4932.115,5020.123,4924.781,4998.121,4928.448,4943.116,5115.465
Maldives,MDV,CO2 emissions (kt),EN.ATM.CO2E.KT,,601.388,759.069,781.071,843.41,883.747,935.085,986.423,1111.101,1092.766,1316.453,1301.785,1444.798,,,,,,,,,,,,,,,,,,,,,,,,,,,,,,,,,1741.825,1683.153,1815.165,1888.505,1771.161,1958.178,2401.885,2768.585,3171.955,3300.3,3644.998,3905.355
Middle East & North Africa,MEA,CO2 emissions (kt),EN.ATM.CO2E.KT,,1834094.054,1942464.905,1928724.656,2086633.01,2184453.902,2268890.244,2302443.294,2513149.114,2492353.557,2630361.102,2648171.721,2608736.803,,,,,,,,,,,,,,,,,,,,,,,,,,,,,,,,,601.388,759.069,781.071,843.41,883.747,935.085,986.423,1111.101,1092.766,1316.453,1301.785,1444.798
Mexico,MEX,CO2 emissions (kt),EN.ATM.CO2E.KT,,466361.726,479251.231,480520.013,493251.837,475950.931,464308.206,484429.035,496324.783,490340.239,481499.102,482947.567,486405.548,,,,,,,,,,,,,,,,,,,,,,,,,,,,,,,,,1834094.054,1942464.905,1928724.656,2086633.01,2184453.902,2268890.244,2302443.294,2513149.114,2492353.557,2630361.102,2648171.721,2608736.803
Marshall Islands,MHL,CO2 emissions (kt),EN.ATM.CO2E.KT,,113.677,121.011,124.678,128.345,132.012,135.679,139.346,135.679,139.346,143.013,143.013,143.013,,,,,,,,,,,,,,,,,,,,,,,,,,,,,,,,,466361.726,479251.231,480520.013,493251.837,475950.931,464308.206,484429.035,496324.783,490340.239,481499.102,482947.567,486405.548
Middle income,MIC,CO2 emissions (kt),EN.ATM.CO2E.KT,,14076763.9,15005890.98,15416150.71,16756091.07,16737726.55,18318574.34,19730643.18,20416983.78,20582675.09,20915099.15,20940045.99,20947563.41,,,,,,,,,,,,,,,,,,,,,,,,,,,,,,,,,113.677,121.011,124.678,128.345,132.012,135.679,139.346,135.679,139.346,143.013,143.013,143.013
North Macedonia,MKD,CO2 emissions (kt),EN.ATM.CO2E.KT,,11279.692,10938.661,9493.863,9402.188,8698.124,8602.782,9306.846,8815.468,7858.381,7539.352,7099.312,7051.641,,,,,,,,,,,,,,,,,,,,,,,,,,,,,,,,,14076763.9,15005890.98,15416150.71,16756091.07,16737726.55,18318574.34,19730643.18,20416983.78,20582675.09,20915099.15,20940045.99,20947563.41
Mali,MLI,CO2 emissions (kt),EN.ATM.CO2E.KT,,916.75,1081.765,1298.118,1558.475,1785.829,1976.513,2159.863,2299.209,2698.912,2981.271,3168.288,3179.289,,,,,,,,,,,,,,,,,,,,,,,,,,,,,,,,,11279.692,10938.661,9493.863,9402.188,8698.124,8602.782,9306.846,8815.468,7858.381,7539.352,7099.312,7051.641
Malta,MLT,CO2 emissions (kt),EN.ATM.CO2E.KT,,2698.912,2574.234,2724.581,2559.566,2478.892,2559.566,2548.565,2680.577,2346.88,2346.88,1620.814,1342.122,,,,,,,,,,,,,,,,,,,,,,,,,,,,,,,,,916.75,1081.765,1298.118,1558.475,1785.829,1976.513,2159.863,2299.209,2698.912,2981.271,3168.288,3179.289
Myanmar,MMR,CO2 emissions (kt),EN.ATM.CO2E.KT,,11595.054,12852.835,12874.837,9809.225,10241.931,13157.196,15144.71,12024.093,13083.856,16347.486,22299.027,25280.298,,,,,,,,,,,,,,,,,,,,,,,,,,,,,,,,,2698.912,2574.234,2724.581,2559.566,2478.892,2559.566,2548.565,2680.577,2346.88,2346.88,1620.814,1342.122
Middle East & North Africa (excluding high income),MNA,CO2 emissions (kt),EN.ATM.CO2E.KT,,1088453.608,1124610.228,1130037.388,1208415.846,1254418.361,1281517.491,1309287.682,1368451.06,1388912.92,1449950.135,1440360.93,1475311.107,,,,,,,,,,,,,,,,,,,,,,,,,,,,,,,,,11595.054,12852.835,12874.837,9809.225,10241.931,13157.196,15144.71,12024.093,13083.856,16347.486,22299.027,25280.298
Montenegro,MNE,CO2 emissions (kt),EN.ATM.CO2E.KT,,2057.187,2064.521,2057.187,2607.237,1683.153,2423.887,2409.219,2214.868,2152.529,2108.525,2240.537,2016.85,,,,,,,,,,,,,,,,,,,,,,,,,,,,,,,,,1088453.608,1124610.228,1130037.388,1208415.846,1254418.361,1281517.491,1309287.682,1368451.06,1388912.92,1449950.135,1440360.93,1475311.107
Mongolia,MNG,CO2 emissions (kt),EN.ATM.CO2E.KT,,8562.445,9394.854,12064.43,12038.761,13102.191,13820.923,21499.621,35074.855,43626.299,29633.027,23285.45,25368.306,,,,,,,,,,,,,,,,,,,,,,,,,,,,,,,,,2057.187,2064.521,2057.187,2607.237,1683.153,2423.887,2409.219,2214.868,2152.529,2108.525,2240.537,2016.85
Mozambique,MOZ,CO2 emissions (kt),EN.ATM.CO2E.KT,,1822.499,1980.18,2262.539,2266.206,2530.23,2735.582,3223.293,3120.617,4202.382,8434.1,6486.923,7942.722,,,,,,,,,,,,,,,,,,,,,,,,,,,,,,,,,,,,,,,,,,,,
Mauritania,MRT,CO2 emissions (kt),EN.ATM.CO2E.KT,,1587.811,1609.813,1844.501,1936.176,2123.193,2236.87,2394.551,2647.574,2390.884,2933.6,2893.263,2739.249,,,,,,,,,,,,,,,,,,,,,,,,,,,,,,,,,1822.499,1980.18,2262.539,2266.206,2530.23,2735.582,3223.293,3120.617,4202.382,8434.1,6486.923,7942.722
Mauritius,MUS,CO2 emissions (kt),EN.ATM.CO2E.KT,,3296.633,3630.33,3689.002,3769.676,3711.004,3916.356,3920.023,3967.694,4070.37,4209.716,4213.383,4349.062,,,,,,,,,,,,,,,,,,,,,,,,,,,,,,,,,1587.811,1609.813,1844.501,1936.176,2123.193,2236.87,2394.551,2647.574,2390.884,2933.6,2893.263,2739.249
Malawi,MWI,CO2 emissions (kt),EN.ATM.CO2E.KT,,924.084,938.752,990.09,1114.768,1122.102,1048.762,1169.773,1162.439,1188.108,1052.429,1151.438,1298.118,,,,,,,,,,,,,,,,,,,,,,,,,,,,,,,,,3296.633,3630.33,3689.002,3769.676,3711.004,3916.356,3920.023,3967.694,4070.37,4209.716,4213.383,4349.062
Malaysia,MYS,CO2 emissions (kt),EN.ATM.CO2E.KT,,183188.652,180108.372,184816.8,204031.88,198876.078,219506.62,220405.035,218707.214,236510.499,242671.059,234823.679,248288.903,,,,,,,,,,,,,,,,,,,,,,,,,,,,,,,,,924.084,938.752,990.09,1114.768,1122.102,1048.762,1169.773,1162.439,1188.108,1052.429,1151.438,1298.118
North America,NAC,CO2 emissions (kt),EN.ATM.CO2E.KT,,6351735.378,6269931.942,6361606.942,6176551.787,5796173.877,5923404.109,5793265.946,5600088.386,5690058.231,5766676.529,5676901.035,5551808.664,,,,,,,,,,,,,,,,,,,,,,,,,,,,,,,,,183188.652,180108.372,184816.8,204031.88,198876.078,219506.62,220405.035,218707.214,236510.499,242671.059,234823.679,248288.903
Namibia,NAM,CO2 emissions (kt),EN.ATM.CO2E.KT,,2310.21,2332.212,2361.548,3325.969,3069.279,3102.282,2830.924,3384.641,2629.239,3740.34,3989.696,4228.051,,,,,,,,,,,,,,,,,,,,,,,,,,,,,,,,,6351735.378,6269931.942,6361606.942,6176551.787,5796173.877,5923404.109,5793265.946,5600088.386,5690058.231,5766676.529,5676901.035,5551808.664
New Caledonia,NCL,CO2 emissions (kt),EN.ATM.CO2E.KT,,2823.59,2720.914,2944.601,2867.594,2951.935,3578.992,3560.657,3655.999,3861.351,4888.111,4752.432,5328.151,,,,,,,,,,,,,,,,,,,,,,,,,,,,,,,,,2310.21,2332.212,2361.548,3325.969,3069.279,3102.282,2830.924,3384.641,2629.239,3740.34,3989.696,4228.051
Niger,NER,CO2 emissions (kt),EN.ATM.CO2E.KT,,715.065,693.063,722.399,810.407,968.088,1173.44,1331.121,1763.827,1895.839,2053.52,2027.851,2016.85,,,,,,,,,,,,,,,,,,,,,,,,,,,,,,,,,2823.59,2720.914,2944.601,2867.594,2951.935,3578.992,3560.657,3655.999,3861.351,4888.111,4752.432,5328.151
Nigeria,NGA,CO2 emissions (kt),EN.ATM.CO2E.KT,,106119.313,98238.93,94868.957,95987.392,76079.249,114150.043,131685.637,119008.818,124329.635,130130.829,115928.538,120369.275,,,,,,,,,,,,,,,,,,,,,,,,,,,,,,,,,715.065,693.063,722.399,810.407,968.088,1173.44,1331.121,1763.827,1895.839,2053.52,2027.851,2016.85
Nicaragua,NIC,CO2 emissions (kt),EN.ATM.CO2E.KT,,4319.726,4470.073,4605.752,4422.402,4503.076,4536.079,4884.444,4616.753,4426.069,4679.092,5331.818,5592.175,,,,,,,,,,,,,,,,,,,,,,,,,,,,,,,,,106119.313,98238.93,94868.957,95987.392,76079.249,114150.043,131685.637,119008.818,124329.635,130130.829,115928.538,120369.275
Netherlands,NLD,CO2 emissions (kt),EN.ATM.CO2E.KT,,181927.204,180211.048,177427.795,177622.146,173999.15,185355.849,175704.305,171765.947,173625.116,168883.685,172492.013,170779.524,,,,,,,,,,,,,,,,,,,,,,,,,,,,,,,,,4319.726,4470.073,4605.752,4422.402,4503.076,4536.079,4884.444,4616.753,4426.069,4679.092,5331.818,5592.175
Norway,NOR,CO2 emissions (kt),EN.ATM.CO2E.KT,,42438.191,44257.023,45089.432,55690.729,55346.031,49423.826,42394.187,44499.045,48232.051,47924.023,47212.625,41022.729,,,,,,,,,,,,,,,,,,,,,,,,,,,,,,,,,181927.204,180211.048,177427.795,177622.146,173999.15,185355.849,175704.305,171765.947,173625.116,168883.685,172492.013,170779.524
Nepal,NPL,CO2 emissions (kt),EN.ATM.CO2E.KT,,3083.947,2563.233,2614.571,3421.311,4334.394,5056.793,5533.503,5856.199,6637.27,8030.73,6252.235,9105.161,,,,,,,,,,,,,,,,,,,,,,,,,,,,,,,,,42438.191,44257.023,45089.432,55690.729,55346.031,49423.826,42394.187,44499.045,48232.051,47924.023,47212.625,41022.729
Nauru,NRU,CO2 emissions (kt),EN.ATM.CO2E.KT,,62.339,44.004,44.004,44.004,40.337,44.004,40.337,40.337,44.004,47.671,47.671,47.671,,,,,,,,,,,,,,,,,,,,,,,,,,,,,,,,,3083.947,2563.233,2614.571,3421.311,4334.394,5056.793,5533.503,5856.199,6637.27,8030.73,6252.235,9105.161
New Zealand,NZL,CO2 emissions (kt),EN.ATM.CO2E.KT,,34139.77,33446.707,33637.391,34202.109,32386.944,31752.553,31484.862,34139.77,33443.04,34656.817,34887.838,34381.792,,,,,,,,,,,,,,,,,,,,,,,,,,,,,,,,,62.339,44.004,44.004,44.004,40.337,44.004,40.337,40.337,44.004,47.671,47.671,47.671
OECD members,OED,CO2 emissions (kt),EN.ATM.CO2E.KT,,13272160.12,13279765.48,13376456.93,13134214.91,12342340.93,12710023.69,12512170.7,12322091.76,12366550.46,12201861.83,12115686.63,12004051.89,,,,,,,,,,,,,,,,,,,,,,,,,,,,,,,,,34139.77,33446.707,33637.391,34202.109,32386.944,31752.553,31484.862,34139.77,33443.04,34656.817,34887.838,34381.792
Oman,OMN,CO2 emissions (kt),EN.ATM.CO2E.KT,,29893.384,39603.6,44198.351,42705.882,41103.403,47417.977,54029.578,59658.423,62041.973,61220.565,65386.277,63457.435,,,,,,,,,,,,,,,,,,,,,,,,,,,,,,,,,13272160.12,13279765.48,13376456.93,13134214.91,12342340.93,12710023.69,12512170.7,12322091.76,12366550.46,12201861.83,12115686.63,12004051.89
Other small states,OSS,CO2 emissions (kt),EN.ATM.CO2E.KT,,136444.8241,148805.6664,162198.7293,166858.4683,163636.4652,174058.2073,185169.3253,195941.2851,191060.356,215553.4775,210093.7675,208033.0127,,,,,,,,,,,,,,,,,,,,,,,,,,,,,,,,,29893.384,39603.6,44198.351,42705.882,41103.403,47417.977,54029.578,59658.423,62041.973,61220.565,65386.277,63457.435
Pakistan,PAK,CO2 emissions (kt),EN.ATM.CO2E.KT,,136636.087,146074.945,158894.777,159070.793,158836.105,169466.738,171615.6,170126.798,174857.228,182414.915,188542.472,201149.618,,,,,,,,,,,,,,,,,,,,,,,,,,,,,,,,,136444.8241,148805.6664,162198.7293,166858.4683,163636.4652,174058.2073,185169.3253,195941.2851,191060.356,215553.4775,210093.7675,208033.0127
Panama,PAN,CO2 emissions (kt),EN.ATM.CO2E.KT,,6838.955,7469.679,7304.664,7506.349,8599.115,9237.173,10150.256,10029.245,11635.391,11107.343,11129.345,10714.974,,,,,,,,,,,,,,,,,,,,,,,,,,,,,,,,,136636.087,146074.945,158894.777,159070.793,158836.105,169466.738,171615.6,170126.798,174857.228,182414.915,188542.472,201149.618
Peru,PER,CO2 emissions (kt),EN.ATM.CO2E.KT,,37135.709,28723.611,35071.188,41352.759,52067.733,58066.945,49900.536,55261.69,46816.589,51330.666,52636.118,57414.219,,,,,,,,,,,,,,,,,,,,,,,,,,,,,,,,,6838.955,7469.679,7304.664,7506.349,8599.115,9237.173,10150.256,10029.245,11635.391,11107.343,11129.345,10714.974
Philippines,PHL,CO2 emissions (kt),EN.ATM.CO2E.KT,,74832.469,67692.82,72170.227,78858.835,78294.117,84887.383,85705.124,90684.91,98275.6,104516.834,117120.313,122287.116,,,,,,,,,,,,,,,,,,,,,,,,,,,,,,,,,37135.709,28723.611,35071.188,41352.759,52067.733,58066.945,49900.536,55261.69,46816.589,51330.666,52636.118,57414.219
Palau,PLW,CO2 emissions (kt),EN.ATM.CO2E.KT,,220.02,227.354,253.023,205.352,198.018,209.019,216.353,216.353,220.02,223.687,223.687,223.687,,,,,,,,,,,,,,,,,,,,,,,,,,,,,,,,,74832.469,67692.82,72170.227,78858.835,78294.117,84887.383,85705.124,90684.91,98275.6,104516.834,117120.313,122287.116
Papua New Guinea,PNG,CO2 emissions (kt),EN.ATM.CO2E.KT,,4385.732,4308.725,6120.223,4796.436,5093.463,4763.433,5328.151,5078.795,5258.478,5874.534,7480.68,7535.685,,,,,,,,,,,,,,,,,,,,,,,,,,,,,,,,,220.02,227.354,253.023,205.352,198.018,209.019,216.353,216.353,220.02,223.687,223.687,223.687
Poland,POL,CO2 emissions (kt),EN.ATM.CO2E.KT,,302538.501,318940.992,314272.901,314848.62,297617.387,316264.082,317037.819,299920.263,302344.15,285937.992,285659.3,299036.516,,,,,,,,,,,,,,,,,,,,,,,,,,,,,,,,,4385.732,4308.725,6120.223,4796.436,5093.463,4763.433,5328.151,5078.795,5258.478,5874.534,7480.68,7535.685
Pre-demographic dividend,PRE,CO2 emissions (kt),EN.ATM.CO2E.KT,,320085.8249,304832.6752,274307.8014,310865.5819,312812.1602,371677.5795,428061.4829,436353.0148,460395.4827,491022.5943,475616.4535,505151.0624,,,,,,,,,,,,,,,,,,,,,,,,,,,,,,,,,302538.501,318940.992,314272.901,314848.62,297617.387,316264.082,317037.819,299920.263,302344.15,285937.992,285659.3,299036.516
"Korea, Dem. People’s Rep.",PRK,CO2 emissions (kt),EN.ATM.CO2E.KT,,75573.203,76900.657,64227.505,71132.466,54355.941,50776.949,36989.029,38378.822,27803.194,31349.183,25423.311,28283.571,,,,,,,,,,,,,,,,,,,,,,,,,,,,,,,,,,,,,,,,,,,,
Portugal,PRT,CO2 emissions (kt),EN.ATM.CO2E.KT,,65279.934,59816.104,60149.801,55624.723,54176.258,48136.709,47623.329,46013.516,45426.796,44656.726,49258.811,48741.764,,,,,,,,,,,,,,,,,,,,,,,,,,,,,,,,,75573.203,76900.657,64227.505,71132.466,54355.941,50776.949,36989.029,38378.822,27803.194,31349.183,25423.311,28283.571
Paraguay,PRY,CO2 emissions (kt),EN.ATM.CO2E.KT,,3832.015,3986.029,4136.376,4451.738,4561.748,5097.13,5320.817,5284.147,5434.494,5702.185,6303.573,7407.34,,,,,,,,,,,,,,,,,,,,,,,,,,,,,,,,,65279.934,59816.104,60149.801,55624.723,54176.258,48136.709,47623.329,46013.516,45426.796,44656.726,49258.811,48741.764
West Bank and Gaza,PSE,CO2 emissions (kt),EN.ATM.CO2E.KT,,2742.916,2266.206,2324.878,2053.52,2090.19,2035.185,2247.871,2200.2,2438.555,2838.258,3006.94,3234.294,,,,,,,,,,,,,,,,,,,,,,,,,,,,,,,,,3832.015,3986.029,4136.376,4451.738,4561.748,5097.13,5320.817,5284.147,5434.494,5702.185,6303.573,7407.34
Pacific island small states,PSS,CO2 emissions (kt),EN.ATM.CO2E.KT,,2178.198,2310.21,2346.88,2035.185,1994.848,2390.884,2284.541,2240.537,2552.232,2937.267,3465.315,3369.973,,,,,,,,,,,,,,,,,,,,,,,,,,,,,,,,,2742.916,2266.206,2324.878,2053.52,2090.19,2035.185,2247.871,2200.2,2438.555,2838.258,3006.94,3234.294
Post-demographic dividend,PST,CO2 emissions (kt),EN.ATM.CO2E.KT,,12563127.33,12504018.96,12560523.76,12306573.01,11526356.42,11902594.29,11636073.06,11439910.56,11458421.58,11273736.79,11131187.42,10949758.47,,,,,,,,,,,,,,,,,,,,,,,,,,,,,,,,,2178.198,2310.21,2346.88,2035.185,1994.848,2390.884,2284.541,2240.537,2552.232,2937.267,3465.315,3369.973
French Polynesia,PYF,CO2 emissions (kt),EN.ATM.CO2E.KT,,781.071,781.071,766.403,792.072,795.739,803.073,773.737,751.735,759.069,737.067,766.403,770.07,,,,,,,,,,,,,,,,,,,,,,,,,,,,,,,,,12563127.33,12504018.96,12560523.76,12306573.01,11526356.42,11902594.29,11636073.06,11439910.56,11458421.58,11273736.79,11131187.42,10949758.47
Qatar,QAT,CO2 emissions (kt),EN.ATM.CO2E.KT,,50956.632,63475.77,63277.752,64843.561,69221.959,72507.591,80435.645,94124.556,85023.062,107032.396,106841.712,103259.053,,,,,,,,,,,,,,,,,,,,,,,,,,,,,,,,,781.071,781.071,766.403,792.072,795.739,803.073,773.737,751.735,759.069,737.067,766.403,770.07
Romania,ROU,CO2 emissions (kt),EN.ATM.CO2E.KT,,96456.768,103350.728,102224.959,96365.093,81576.082,79412.552,85268.751,81722.762,70945.449,69489.65,71715.519,69258.629,,,,,,,,,,,,,,,,,,,,,,,,,,,,,,,,,50956.632,63475.77,63277.752,64843.561,69221.959,72507.591,80435.645,94124.556,85023.062,107032.396,106841.712,103259.053
Russian Federation,RUS,CO2 emissions (kt),EN.ATM.CO2E.KT,,1615089.813,1669262.404,1666886.188,1714978.893,1574045.082,1670531.186,1763405.295,1807244.28,1739426.782,1736984.56,1698213.369,1732026.776,,,,,,,,,,,,,,,,,,,,,,,,,,,,,,,,,96456.768,103350.728,102224.959,96365.093,81576.082,79412.552,85268.751,81722.762,70945.449,69489.65,71715.519,69258.629
Rwanda,RWA,CO2 emissions (kt),EN.ATM.CO2E.KT,,528.048,528.048,557.384,542.716,575.719,590.387,663.727,740.734,817.741,847.077,960.754,1114.768,,,,,,,,,,,,,,,,,,,,,,,,,,,,,,,,,1615089.813,1669262.404,1666886.188,1714978.893,1574045.082,1670531.186,1763405.295,1807244.28,1739426.782,1736984.56,1698213.369,1732026.776
South Asia,SAS,CO2 emissions (kt),EN.ATM.CO2E.KT,,1416210.068,1510701.324,1629457.119,1798175.789,1977506.757,1977587.431,2106042.441,2286205.818,2307899.79,2525679.253,2645135.445,2736913.121,,,,,,,,,,,,,,,,,,,,,,,,,,,,,,,,,528.048,528.048,557.384,542.716,575.719,590.387,663.727,740.734,817.741,847.077,960.754,1114.768
Saudi Arabia,SAU,CO2 emissions (kt),EN.ATM.CO2E.KT,,397642.146,432739.003,387777.916,430175.77,468965.296,518491.798,499878.106,564842.678,541047.515,601046.969,647111.823,563449.218,,,,,,,,,,,,,,,,,,,,,,,,,,,,,,,,,1416210.068,1510701.324,1629457.119,1798175.789,1977506.757,1977587.431,2106042.441,2286205.818,2307899.79,2525679.253,2645135.445,2736913.121
Sudan,SDN,CO2 emissions (kt),EN.ATM.CO2E.KT,,10982.665,12013.092,14125.284,14913.689,15562.748,15940.449,15658.09,14642.331,15474.74,15837.773,19816.468,19999.818,,,,,,,,,,,,,,,,,,,,,,,,,,,,,,,,,397642.146,432739.003,387777.916,430175.77,468965.296,518491.798,499878.106,564842.678,541047.515,601046.969,647111.823,563449.218
Senegal,SEN,CO2 emissions (kt),EN.ATM.CO2E.KT,,5812.195,4730.43,5181.471,5093.463,4723.096,7744.704,8368.094,7913.386,8434.1,9376.519,10637.967,10901.991,,,,,,,,,,,,,,,,,,,,,,,,,,,,,,,,,10982.665,12013.092,14125.284,14913.689,15562.748,15940.449,15658.09,14642.331,15474.74,15837.773,19816.468,19999.818
Singapore,SGP,CO2 emissions (kt),EN.ATM.CO2E.KT,,30359.093,30799.133,19926.478,36134.618,58642.664,58319.968,46761.584,49992.211,56112.434,56644.149,61451.586,37535.412,,,,,,,,,,,,,,,,,,,,,,,,,,,,,,,,,5812.195,4730.43,5181.471,5093.463,4723.096,7744.704,8368.094,7913.386,8434.1,9376.519,10637.967,10901.991
Solomon Islands,SLB,CO2 emissions (kt),EN.ATM.CO2E.KT,,161.348,165.015,179.683,179.683,179.683,187.017,183.35,183.35,194.351,194.351,190.684,168.682,,,,,,,,,,,,,,,,,,,,,,,,,,,,,,,,,30359.093,30799.133,19926.478,36134.618,58642.664,58319.968,46761.584,49992.211,56112.434,56644.149,61451.586,37535.412
Sierra Leone,SLE,CO2 emissions (kt),EN.ATM.CO2E.KT,,546.383,733.4,641.725,663.727,652.726,726.066,898.415,1030.427,1191.775,1309.119,1067.097,1092.766,,,,,,,,,,,,,,,,,,,,,,,,,,,,,,,,,161.348,165.015,179.683,179.683,179.683,187.017,183.35,183.35,194.351,194.351,190.684,168.682
El Salvador,SLV,CO2 emissions (kt),EN.ATM.CO2E.KT,,6402.582,6842.622,6978.301,6541.928,6442.919,6457.587,6648.271,6662.939,6230.233,6285.238,6849.956,7168.985,,,,,,,,,,,,,,,,,,,,,,,,,,,,,,,,,546.383,733.4,641.725,663.727,652.726,726.066,898.415,1030.427,1191.775,1309.119,1067.097,1092.766
Somalia,SOM,CO2 emissions (kt),EN.ATM.CO2E.KT,,594.054,594.054,608.722,601.388,597.721,612.389,612.389,608.722,630.724,630.724,630.724,645.392,,,,,,,,,,,,,,,,,,,,,,,,,,,,,,,,,,,,,,,,,,,,
Serbia,SRB,CO2 emissions (kt),EN.ATM.CO2E.KT,,61066.551,61066.551,59805.103,51803.709,45932.842,45745.825,49009.455,43794.981,44605.388,37352.062,43919.659,45221.444,,,,,,,,,,,,,,,,,,,,,,,,,,,,,,,,,594.054,594.054,608.722,601.388,597.721,612.389,612.389,608.722,630.724,630.724,630.724,645.392
Sub-Saharan Africa (excluding high income),SSA,CO2 emissions (kt),EN.ATM.CO2E.KT,,662491.9394,694993.5699,720423.1893,753209.9218,743175.8117,764510.3293,803213.8544,787259.2491,802170.1762,862445.9541,826809.7994,848185.5781,,,,,,,,,,,,,,,,,,,,,,,,,,,,,,,,,,61066.551,59805.103,51803.709,45932.842,45745.825,49009.455,43794.981,44605.388,37352.062,43919.659,45221.444
South Sudan,SSD,CO2 emissions (kt),EN.ATM.CO2E.KT,,1331.121,1331.121,1331.121,1331.121,1331.121,1331.121,1331.121,1331.121,1448.465,1536.473,1943.51,1727.157,,,,,,,,,,,,,,,,,,,,,,,,,,,,,,,,,662491.9394,694993.5699,720423.1893,753209.9218,743175.8117,764510.3293,803213.8544,787259.2491,802170.1762,862445.9541,826809.7994,848185.5781
Sub-Saharan Africa,SSF,CO2 emissions (kt),EN.ATM.CO2E.KT,,666453.9528,699333.8583,724727.7635,757644.6918,747381.9851,768840.3718,807425.4833,791616.7685,806537.5223,867107.5777,831481.8293,853107.128,,,,,,,,,,,,,,,,,,,,,,,,,,,,,,,,,,,,,,,,1331.121,1448.465,1536.473,1943.51,1727.157
Small states,SST,CO2 emissions (kt),EN.ATM.CO2E.KT,,195592.0513,213653.3882,228484.7511,233073.745,227468.2485,241997.607,251503.3799,261023.8848,258979.8306,282285.7319,276915.9461,273210.8676,,,,,,,,,,,,,,,,,,,,,,,,,,,,,,,,,666453.9528,699333.8583,724727.7635,757644.6918,747381.9851,768840.3718,807425.4833,791616.7685,806537.5223,867107.5777,831481.8293,853107.128
Sao Tome and Principe,STP,CO2 emissions (kt),EN.ATM.CO2E.KT,,77.007,84.341,84.341,84.341,91.675,99.009,102.676,113.677,113.677,113.677,113.677,121.011,,,,,,,,,,,,,,,,,,,,,,,,,,,,,,,,,195592.0513,213653.3882,228484.7511,233073.745,227468.2485,241997.607,251503.3799,261023.8848,258979.8306,282285.7319,276915.9461,273210.8676
Suriname,SUR,CO2 emissions (kt),EN.ATM.CO2E.KT,,1595.145,1745.492,1763.827,1943.51,2002.182,2401.885,1804.164,2266.206,2108.525,2244.204,1723.49,1738.158,,,,,,,,,,,,,,,,,,,,,,,,,,,,,,,,,77.007,84.341,84.341,84.341,91.675,99.009,102.676,113.677,113.677,113.677,113.677,121.011
Slovak Republic,SVK,CO2 emissions (kt),EN.ATM.CO2E.KT,,39357.911,39104.888,36780.01,37711.428,34037.094,36240.961,34524.805,32804.982,33091.008,30678.122,31283.177,32423.614,,,,,,,,,,,,,,,,,,,,,,,,,,,,,,,,,1595.145,1745.492,1763.827,1943.51,2002.182,2401.885,1804.164,2266.206,2108.525,2244.204,1723.49,1738.158
Slovenia,SVN,CO2 emissions (kt),EN.ATM.CO2E.KT,,15867.109,16244.81,16244.81,17355.911,15280.389,15335.394,15159.378,14675.334,13890.596,12482.468,12530.139,12632.815,,,,,,,,,,,,,,,,,,,,,,,,,,,,,,,,,39357.911,39104.888,36780.01,37711.428,34037.094,36240.961,34524.805,32804.982,33091.008,30678.122,31283.177,32423.614
Sweden,SWE,CO2 emissions (kt),EN.ATM.CO2E.KT,,51561.687,49570.506,48059.702,49123.132,43065.248,52023.729,51734.036,47047.61,44847.41,43483.286,38180.804,43252.265,,,,,,,,,,,,,,,,,,,,,,,,,,,,,,,,,15867.109,16244.81,16244.81,17355.911,15280.389,15335.394,15159.378,14675.334,13890.596,12482.468,12530.139,12632.815
Eswatini,SWZ,CO2 emissions (kt),EN.ATM.CO2E.KT,,1030.427,1030.427,1078.098,1111.101,1067.097,1059.763,1074.431,1235.779,1525.472,902.082,982.756,1155.105,,,,,,,,,,,,,,,,,,,,,,,,,,,,,,,,,51561.687,49570.506,48059.702,49123.132,43065.248,52023.729,51734.036,47047.61,44847.41,43483.286,38180.804,43252.265
Sint Maarten (Dutch part),SXM,CO2 emissions (kt),EN.ATM.CO2E.KT,,696.73,696.73,696.73,696.73,696.73,696.73,696.73,696.73,715.065,733.4,733.4,733.4,,,,,,,,,,,,,,,,,,,,,,,,,,,,,,,,,1030.427,1030.427,1078.098,1111.101,1067.097,1059.763,1074.431,1235.779,1525.472,902.082,982.756,1155.105
Seychelles,SYC,CO2 emissions (kt),EN.ATM.CO2E.KT,,689.396,733.4,641.725,693.063,524.381,443.707,326.363,421.705,330.03,487.711,491.378,605.055,,,,,,,,,,,,,,,,,,,,,,,,,,,,,,,,,,,,,,,,696.73,715.065,733.4,,
Syrian Arab Republic,SYR,CO2 emissions (kt),EN.ATM.CO2E.KT,,50626.602,53582.204,66468.042,67681.819,62331.666,61605.6,56908.173,44730.066,36438.979,30703.791,29295.663,28829.954,,,,,,,,,,,,,,,,,,,,,,,,,,,,,,,,,689.396,733.4,641.725,693.063,524.381,443.707,326.363,421.705,330.03,487.711,491.378,605.055
Turks and Caicos Islands,TCA,CO2 emissions (kt),EN.ATM.CO2E.KT,,121.011,143.013,165.015,172.349,179.683,183.35,183.35,183.35,187.017,198.018,205.352,216.353,,,,,,,,,,,,,,,,,,,,,,,,,,,,,,,,,50626.602,53582.204,66468.042,67681.819,62331.666,61605.6,56908.173,44730.066,36438.979,30703.791,29295.663,28829.954
Chad,TCD,CO2 emissions (kt),EN.ATM.CO2E.KT,,766.403,792.072,854.411,927.751,942.419,997.424,821.408,920.417,964.421,1001.091,1001.091,1015.759,,,,,,,,,,,,,,,,,,,,,,,,,,,,,,,,,121.011,143.013,165.015,172.349,179.683,183.35,183.35,183.35,187.017,198.018,205.352,216.353
East Asia & Pacific (IDA & IBRD countries),TEA,CO2 emissions (kt),EN.ATM.CO2E.KT,,6853645.002,7489924.507,7708019.332,8636423.058,8694247.981,9953470.112,11011098.92,11347069.46,11517005.57,11523917.87,11557100.55,11393101.31,,,,,,,,,,,,,,,,,,,,,,,,,,,,,,,,,766.403,792.072,854.411,927.751,942.419,997.424,821.408,920.417,964.421,1001.091,1001.091,1015.759
Europe & Central Asia (IDA & IBRD countries),TEC,CO2 emissions (kt),EN.ATM.CO2E.KT,,3214135.479,3341352.768,3381468.964,3428729.341,3135769.044,3350633.242,3501170.926,3519128.225,3419682.852,3361766.254,3295683.247,3365154.562,,,,,,,,,,,,,,,,,,,,,,,,,,,,,,,,,6853645.002,7489924.507,7708019.332,8636423.058,8694247.981,9953470.112,11011098.92,11347069.46,11517005.57,11523917.87,11557100.55,11393101.31
Togo,TGO,CO2 emissions (kt),EN.ATM.CO2E.KT,,1338.455,1221.111,1408.128,1683.153,2783.253,2636.573,2478.892,2409.219,2559.566,2588.902,2636.573,2999.606,,,,,,,,,,,,,,,,,,,,,,,,,,,,,,,,,3214135.479,3341352.768,3381468.964,3428729.341,3135769.044,3350633.242,3501170.926,3519128.225,3419682.852,3361766.254,3295683.247,3365154.562
Thailand,THA,CO2 emissions (kt),EN.ATM.CO2E.KT,,227493.346,231127.343,234027.94,230951.327,246114.372,258901.201,256264.628,273088.824,287217.775,280976.541,284364.849,283763.461,,,,,,,,,,,,,,,,,,,,,,,,,,,,,,,,,1338.455,1221.111,1408.128,1683.153,2783.253,2636.573,2478.892,2409.219,2559.566,2588.902,2636.573,2999.606
Tajikistan,TJK,CO2 emissions (kt),EN.ATM.CO2E.KT,,2442.222,2658.575,3234.294,2900.597,2449.556,2537.564,2346.88,2929.933,2911.598,4620.42,5005.455,5309.816,,,,,,,,,,,,,,,,,,,,,,,,,,,,,,,,,227493.346,231127.343,234027.94,230951.327,246114.372,258901.201,256264.628,273088.824,287217.775,280976.541,284364.849,283763.461
Turkmenistan,TKM,CO2 emissions (kt),EN.ATM.CO2E.KT,,48338.394,49511.834,56042.761,56831.166,50340.576,57289.541,62467.345,64872.897,66735.733,68426.22,70674.091,70630.087,,,,,,,,,,,,,,,,,,,,,,,,,,,,,,,,,2442.222,2658.575,3234.294,2900.597,2449.556,2537.564,2346.88,2929.933,2911.598,4620.42,5005.455,5309.816
Latin America & the Caribbean (IDA & IBRD countries),TLA,CO2 emissions (kt),EN.ATM.CO2E.KT,,1470822.699,1511086.359,1536883.704,1621188.034,1586769.572,1664829.001,1692635.862,1766397.567,1805124.754,1830401.385,1810478.574,1777196.882,,,,,,,,,,,,,,,,,,,,,,,,,,,,,,,,,48338.394,49511.834,56042.761,56831.166,50340.576,57289.541,62467.345,64872.897,66735.733,68426.22,70674.091,70630.087
Timor-Leste,TLS,CO2 emissions (kt),EN.ATM.CO2E.KT,,176.016,179.683,183.35,201.685,227.354,234.688,245.689,293.36,443.707,513.38,502.379,495.045,,,,,,,,,,,,,,,,,,,,,,,,,,,,,,,,,1470822.699,1511086.359,1536883.704,1621188.034,1586769.572,1664829.001,1692635.862,1766397.567,1805124.754,1830401.385,1810478.574,1777196.882
Middle East & North Africa (IDA & IBRD countries),TMN,CO2 emissions (kt),EN.ATM.CO2E.KT,,1085710.692,1122344.022,1127712.51,1206362.326,1252328.171,1279482.306,1307039.811,1366250.86,1386474.365,1447111.877,1437353.99,1472076.813,,,,,,,,,,,,,,,,,,,,,,,,,,,,,,,,,176.016,179.683,183.35,201.685,227.354,234.688,245.689,293.36,443.707,513.38,502.379,495.045
Tonga,TON,CO2 emissions (kt),EN.ATM.CO2E.KT,,113.677,128.345,113.677,121.011,132.012,117.344,102.676,106.343,113.677,113.677,121.011,128.345,,,,,,,,,,,,,,,,,,,,,,,,,,,,,,,,,1085710.692,1122344.022,1127712.51,1206362.326,1252328.171,1279482.306,1307039.811,1366250.86,1386474.365,1447111.877,1437353.99,1472076.813
South Asia (IDA & IBRD),TSA,CO2 emissions (kt),EN.ATM.CO2E.KT,,1416210.068,1510701.324,1629457.119,1798175.789,1977506.757,1977587.431,2106042.441,2286205.818,2307899.79,2525679.253,2645135.445,2736913.121,,,,,,,,,,,,,,,,,,,,,,,,,,,,,,,,,113.677,128.345,113.677,121.011,132.012,117.344,102.676,106.343,113.677,113.677,121.011,128.345
Sub-Saharan Africa (IDA & IBRD countries),TSS,CO2 emissions (kt),EN.ATM.CO2E.KT,,666453.9528,699333.8583,724727.7635,757644.6918,747381.9851,768840.3718,807425.4833,791616.7685,806537.5223,867107.5777,831481.8293,853107.128,,,,,,,,,,,,,,,,,,,,,,,,,,,,,,,,,1416210.068,1510701.324,1629457.119,1798175.789,1977506.757,1977587.431,2106042.441,2286205.818,2307899.79,2525679.253,2645135.445,2736913.121
Trinidad and Tobago,TTO,CO2 emissions (kt),EN.ATM.CO2E.KT,,38151.468,42676.546,45474.467,44385.368,44895.081,47931.357,46933.933,45419.462,46537.897,46266.539,46255.538,43868.321,,,,,,,,,,,,,,,,,,,,,,,,,,,,,,,,,666453.9528,699333.8583,724727.7635,757644.6918,747381.9851,768840.3718,807425.4833,791616.7685,806537.5223,867107.5777,831481.8293,853107.128
Tunisia,TUN,CO2 emissions (kt),EN.ATM.CO2E.KT,,22662.06,22992.09,24110.525,24825.59,24788.92,27660.181,26021.032,27003.788,27667.515,28829.954,30252.75,29937.388,,,,,,,,,,,,,,,,,,,,,,,,,,,,,,,,,38151.468,42676.546,45474.467,44385.368,44895.081,47931.357,46933.933,45419.462,46537.897,46266.539,46255.538,43868.321
Turkey,TUR,CO2 emissions (kt),EN.ATM.CO2E.KT,,237390.579,261614.781,284808.556,283979.814,280683.181,296315.602,321122.857,327437.431,325424.248,345908.11,350337.846,372724.881,,,,,,,,,,,,,,,,,,,,,,,,,,,,,,,,,22662.06,22992.09,24110.525,24825.59,24788.92,27660.181,26021.032,27003.788,27667.515,28829.954,30252.75,29937.388
Tuvalu,TUV,CO2 emissions (kt),EN.ATM.CO2E.KT,,11.001,7.334,11.001,11.001,11.001,7.334,7.334,11.001,11.001,11.001,11.001,11.001,,,,,,,,,,,,,,,,,,,,,,,,,,,,,,,,,237390.579,261614.781,284808.556,283979.814,280683.181,296315.602,321122.857,327437.431,325424.248,345908.11,350337.846,372724.881
Tanzania,TZA,CO2 emissions (kt),EN.ATM.CO2E.KT,,5504.167,6028.548,5896.536,6142.225,5918.538,7106.646,8093.069,9545.201,11177.016,11562.051,12933.509,11972.755,,,,,,,,,,,,,,,,,,,,,,,,,,,,,,,,,11.001,7.334,11.001,11.001,11.001,7.334,7.334,11.001,11.001,11.001,11.001,11.001
Uganda,UGA,CO2 emissions (kt),EN.ATM.CO2E.KT,,2170.864,2537.564,2889.596,3190.29,3380.974,3920.023,4264.721,4088.705,4407.734,4774.434,5342.819,5680.183,,,,,,,,,,,,,,,,,,,,,,,,,,,,,,,,,5504.167,6028.548,5896.536,6142.225,5918.538,7106.646,8093.069,9545.201,11177.016,11562.051,12933.509,11972.755
Ukraine,UKR,CO2 emissions (kt),EN.ATM.CO2E.KT,,333876.683,326429.006,321258.536,311023.939,260100.31,304643.359,286392.7,295791.221,271875.047,228468.768,196283.509,202249.718,,,,,,,,,,,,,,,,,,,,,,,,,,,,,,,,,2170.864,2537.564,2889.596,3190.29,3380.974,3920.023,4264.721,4088.705,4407.734,4774.434,5342.819,5680.183
Upper middle income,UMC,CO2 emissions (kt),EN.ATM.CO2E.KT,,11436339.59,12267101.98,12527912.27,13677302.51,13537474.47,15001684.64,16231519.39,16702642.81,16846416.59,16932383.09,16838587.45,16718513.78,,,,,,,,,,,,,,,,,,,,,,,,,,,,,,,,,333876.683,326429.006,321258.536,311023.939,260100.31,304643.359,286392.7,295791.221,271875.047,228468.768,196283.509,202249.718
Uruguay,URY,CO2 emissions (kt),EN.ATM.CO2E.KT,,5775.525,6648.271,6002.879,8265.418,8060.066,6387.914,7763.039,8694.457,7587.023,6747.28,6699.609,6765.615,,,,,,,,,,,,,,,,,,,,,,,,,,,,,,,,,11436339.59,12267101.98,12527912.27,13677302.51,13537474.47,15001684.64,16231519.39,16702642.81,16846416.59,16932383.09,16838587.45,16718513.78
United States,USA,CO2 emissions (kt),EN.ATM.CO2E.KT,,5789727.291,5697285.888,5789030.561,5614110.994,5263505.457,5395532.125,5270047.385,5081999.958,5170359.99,5225412.661,5126913.374,5006302.077,,,,,,,,,,,,,,,,,,,,,,,,,,,,,,,,,5775.525,6648.271,6002.879,8265.418,8060.066,6387.914,7763.039,8694.457,7587.023,6747.28,6699.609,6765.615
Uzbekistan,UZB,CO2 emissions (kt),EN.ATM.CO2E.KT,,117230.323,120288.601,120200.593,123900.596,107131.405,104168.469,113684.334,115814.861,103354.395,105213.564,102929.023,91810.679,,,,,,,,,,,,,,,,,,,,,,,,,,,,,,,,,5789727.291,5697285.888,5789030.561,5614110.994,5263505.457,5395532.125,5270047.385,5081999.958,5170359.99,5225412.661,5126913.374,5006302.077
St. Vincent and the Grenadines,VCT,CO2 emissions (kt),EN.ATM.CO2E.KT,,220.02,220.02,227.354,227.354,311.695,220.02,198.018,253.023,209.019,220.02,220.02,220.02,,,,,,,,,,,,,,,,,,,,,,,,,,,,,,,,,117230.323,120288.601,120200.593,123900.596,107131.405,104168.469,113684.334,115814.861,103354.395,105213.564,102929.023,91810.679
"Venezuela, RB",VEN,CO2 emissions (kt),EN.ATM.CO2E.KT,,164380.609,170640.178,162037.396,180475.072,181065.459,190361.304,171362.577,192040.79,183944.054,185113.827,171894.292,164175.257,,,,,,,,,,,,,,,,,,,,,,,,,,,,,,,,,220.02,220.02,227.354,227.354,311.695,220.02,198.018,253.023,209.019,220.02,220.02,220.02
British Virgin Islands,VGB,CO2 emissions (kt),EN.ATM.CO2E.KT,,179.683,183.35,187.017,190.684,190.684,198.018,201.685,201.685,201.685,212.686,212.686,212.686,,,,,,,,,,,,,,,,,,,,,,,,,,,,,,,,,164380.609,170640.178,162037.396,180475.072,181065.459,190361.304,171362.577,192040.79,183944.054,185113.827,171894.292,164175.257
Vietnam,VNM,CO2 emissions (kt),EN.ATM.CO2E.KT,,98143.588,102742.006,104872.533,117996.726,128631.026,142737.975,152169.499,142631.632,147230.05,167336.211,188329.786,192667.847,,,,,,,,,,,,,,,,,,,,,,,,,,,,,,,,,,,,,,,,,,,,
Vanuatu,VUT,CO2 emissions (kt),EN.ATM.CO2E.KT,,58.672,47.671,99.009,95.342,121.011,121.011,132.012,113.677,106.343,154.014,132.012,146.68,,,,,,,,,,,,,,,,,,,,,,,,,,,,,,,,,98143.588,102742.006,104872.533,117996.726,128631.026,142737.975,152169.499,142631.632,147230.05,167336.211,188329.786,192667.847
World,WLD,CO2 emissions (kt),EN.ATM.CO2E.KT,,28043870.88,29021469.96,29513157.39,30680656.02,29915812.4,31927784.12,33090763.41,33683606.85,33848272.8,34103192.88,34040671.31,33819401.16,,,,,,,,,,,,,,,,,,,,,,,,,,,,,,,,,58.672,47.671,99.009,95.342,121.011,121.011,132.012,113.677,106.343,154.014,132.012,146.68
Samoa,WSM,CO2 emissions (kt),EN.ATM.CO2E.KT,,161.348,165.015,172.349,179.683,187.017,187.017,201.685,198.018,198.018,209.019,234.688,245.689,,,,,,,,,,,,,,,,,,,,,,,,,,,,,,,,,28043870.88,29021469.96,29513157.39,30680656.02,29915812.4,31927784.12,33090763.41,33683606.85,33848272.8,34103192.88,34040671.31,33819401.16
Kosovo,XKX,CO2 emissions (kt),EN.ATM.CO2E.KT,,7455.011,7455.011,7455.011,7455.011,8192.078,8426.766,8368.094,7942.722,8074.734,7260.66,8408.431,8943.813,,,,,,,,,,,,,,,,,,,,,,,,,,,,,,,,,161.348,165.015,172.349,179.683,187.017,187.017,201.685,198.018,198.018,209.019,234.688,245.689
"Yemen, Rep.",YEM,CO2 emissions (kt),EN.ATM.CO2E.KT,,20043.822,21316.271,20971.573,22339.364,24565.233,23432.13,20612.207,18698.033,25492.984,24667.909,13171.864,10608.631,,,,,,,,,,,,,,,,,,,,,,,,,,,,,,,,,,,,7455.011,8192.078,8426.766,8368.094,7942.722,8074.734,7260.66,8408.431,8943.813
South Africa,ZAF,CO2 emissions (kt),EN.ATM.CO2E.KT,,416915.898,447894.714,466578.079,496772.157,503112.4,469816.04,477370.06,464674.906,459222.077,484495.041,463952.507,476643.994,,,,,,,,,,,,,,,,,,,,,,,,,,,,,,,,,20043.822,21316.271,20971.573,22339.364,24565.233,23432.13,20612.207,18698.033,25492.984,24667.909,13171.864,10608.631
Zambia,ZMB,CO2 emissions (kt),EN.ATM.CO2E.KT,,2288.208,2291.875,1928.842,2170.864,2508.228,2691.578,2922.599,3678.001,3956.693,4503.076,4532.412,5141.134,,,,,,,,,,,,,,,,,,,,,,,,,,,,,,,,,416915.898,447894.714,466578.079,496772.157,503112.4,469816.04,477370.06,464674.906,459222.077,484495.041,463952.507,476643.994
Zimbabwe,ZWE,CO2 emissions (kt),EN.ATM.CO2E.KT,,10769.979,10447.283,9886.232,7770.373,5603.176,7803.376,9622.208,7873.049,11771.07,12115.768,12317.453,10982.665,,,,,,,,,,,,,,,,,,,,,,,,,,,,,,,,,2288.208,2291.875,1928.842,2170.864,2508.228,2691.578,2922.599,3678.001,3956.693,4503.076,4532.412,5141.134
,,,,,,,,,,,,,,,,,,,,,,,,,,,,,,,,,,,,,,,,,,,,,,,,,10769.979,10447.283,9886.232,7770.373,5603.176,7803.376,9622.208,7873.049,11771.07,12115.768,12317.453,10982.665
